Workbook

Sheet Grade
A1: Final Exam Result
D3: Module: Introduction to Data Science and AI | H3: Exam Date: 25.06.2024
D4: Lecturer: Dr. Nguyen Tuan Cuong | H4: Time: 09:30 - 11:00
D5: Semester: SS2024 | H5: Duration: 90 minutes
A8: No. | B8: Intake | C8: VGU ID | D8: Last Names and Middle Names | E8: Names | F8: Attempts | G8: Emails | H8: Grade | I8: Note | J8: Lab 1 | K8: Lab 2 | L8: Final (40%) | M8: Project (40%) | N8: Bonus | R8: Grade | S8: German
A9: 1 | B9: CSE2021 | C9: 10421133 | D9: Bui Le | E9: Nhat | F9: 1 | G9: 10421133@student.vgu.edu.vn | H9: 5 | J9: =VLOOKUP(C9,Lab!$C$9:$I$126, 6, FALSE) -> 10 | K9: =VLOOKUP(C9,Lab!$C$9:$I$126, 7, FALSE) -> 10 | L9: =_xlfn.IFNA(VLOOKUP(C9, exam!$A$2:$C$115,3,FALSE),0) -> 0.25 | O9: No submission | R9: =J9*0.1+K9*0.1+MIN((L9+N9),10)*0.4+M9*0.4 -> 2.1 | S9: =IF(R9*10<50,5,ROUND(3*((100-R9*10)/50)+1,1)) -> 5 | T9: =IF(S9>4,5,IF((S9-TRUNC(S9))<0.3,TRUNC(S9),IF((S9-TRUNC(S9))>=0.7,TRUNC(S9)+0.7,TRUNC(S9)+0.3))) -> 5
A10: 2 | B10: CSE2021 | C10: 10421127 | D10: Bui Van Hoang | E10: Vu | F10: 1 | G10: 10421127@student.vgu.edu.vn | H10: 1.3 | J10: =VLOOKUP(C10,Lab!$C$9:$I$126, 6, FALSE) -> 10 | K10: =VLOOKUP(C10,Lab!$C$9:$I$126, 7, FALSE) -> 10 | L10: =_xlfn.IFNA(VLOOKUP(C10, exam!$A$2:$C$115,3,FALSE),0) -> 7 | M10: 10 | N10: 1 | R10: =J10*0.1+K10*0.1+MIN((L10+N10),10)*0.4+M10*0.4 -> 9.2 | S10: =IF(R10*10<50,5,ROUND(3*((100-R10*10)/50)+1,1)) -> 1.5 | T10: =IF(S10>4,5,IF((S10-TRUNC(S10))<0.3,TRUNC(S10),IF((S10-TRUNC(S10))>=0.7,TRUNC(S10)+0.7,TRUNC(S10)+0.3))) -> 1.3
A11: 3 | B11: CSE2022 | C11: 10422002 | D11: Pham Duc | E11: An | F11: 1 | G11: 10422002@student.vgu.edu.vn | H11: 2.3 | J11: =VLOOKUP(C11,Lab!$C$9:$I$126, 6, FALSE) -> 0 | K11: =VLOOKUP(C11,Lab!$C$9:$I$126, 7, FALSE) -> 10 | L11: =_xlfn.IFNA(VLOOKUP(C11, exam!$A$2:$C$115,3,FALSE),0) -> 7.25 | M11: 10 | N11: 0 | R11: =J11*0.1+K11*0.1+MIN((L11+N11),10)*0.4+M11*0.4 -> 7.9 | S11: =IF(R11*10<50,5,ROUND(3*((100-R11*10)/50)+1,1)) -> 2.3 | T11: =IF(S11>4,5,IF((S11-TRUNC(S11))<0.3,TRUNC(S11),IF((S11-TRUNC(S11))>=0.7,TRUNC(S11)+0.7,TRUNC(S11)+0.3))) -> 2.3
A12: 4 | B12: CSE2022 | C12: 10422003 | D12: Le Thai | E12: An | F12: 1 | G12: 10422003@student.vgu.edu.vn | H12: 4 | J12: =VLOOKUP(C12,Lab!$C$9:$I$126, 6, FALSE) -> 10 | K12: =VLOOKUP(C12,Lab!$C$9:$I$126, 7, FALSE) -> 10 | L12: =_xlfn.IFNA(VLOOKUP(C12, exam!$A$2:$C$115,3,FALSE),0) -> 5.5 | M12: 2 | R12: =J12*0.1+K12*0.1+MIN((L12+N12),10)*0.4+M12*0.4 -> 5 | S12: =IF(R12*10<50,5,ROUND(3*((100-R12*10)/50)+1,1)) -> 4 | T12: =IF(S12>4,5,IF((S12-TRUNC(S12))<0.3,TRUNC(S12),IF((S12-TRUNC(S12))>=0.7,TRUNC(S12)+0.7,TRUNC(S12)+0.3))) -> 4
A13: 5 | B13: CSE2022 | C13: 10422004 | D13: Yamashita Tri | E13: An | F13: 1 | G13: 10422004@student.vgu.edu.vn | H13: 1 | J13: =VLOOKUP(C13,Lab!$C$9:$I$126, 6, FALSE) -> 10 | K13: =VLOOKUP(C13,Lab!$C$9:$I$126, 7, FALSE) -> 10 | L13: =_xlfn.IFNA(VLOOKUP(C13, exam!$A$2:$C$115,3,FALSE),0) -> 9 | M13: 10 | N13: 1 | R13: =J13*0.1+K13*0.1+MIN((L13+N13),10)*0.4+M13*0.4 -> 10 | S13: =IF(R13*10<50,5,ROUND(3*((100-R13*10)/50)+1,1)) -> 1 | T13: =IF(S13>4,5,IF((S13-TRUNC(S13))<0.3,TRUNC(S13),IF((S13-TRUNC(S13))>=0.7,TRUNC(S13)+0.7,TRUNC(S13)+0.3))) -> 1
A14: 6 | B14: CSE2022 | C14: 10222040 | D14: Vu Duc Hung | E14: Anh | F14: 1 | G14: 10222040@student.vgu.edu.vn | H14: 5 | J14: =VLOOKUP(C14,Lab!$C$9:$I$126, 6, FALSE) -> 0 | K14: =VLOOKUP(C14,Lab!$C$9:$I$126, 7, FALSE) -> 10 | L14: =_xlfn.IFNA(VLOOKUP(C14, exam!$A$2:$C$115,3,FALSE),0) -> 4.25 | O14: Private code, not able to access | R14: =J14*0.1+K14*0.1+MIN((L14+N14),10)*0.4+M14*0.4 -> 2.7 | S14: =IF(R14*10<50,5,ROUND(3*((100-R14*10)/50)+1,1)) -> 5 | T14: =IF(S14>4,5,IF((S14-TRUNC(S14))<0.3,TRUNC(S14),IF((S14-TRUNC(S14))>=0.7,TRUNC(S14)+0.7,TRUNC(S14)+0.3))) -> 5
A15: 7 | B15: CSE2022 | C15: 10422005 | D15: Nguyen Tran Tuan | E15: Anh | F15: 1 | G15: 10422005@student.vgu.edu.vn | H15: 1.7 | J15: =VLOOKUP(C15,Lab!$C$9:$I$126, 6, FALSE) -> 0 | K15: =VLOOKUP(C15,Lab!$C$9:$I$126, 7, FALSE) -> 10 | L15: =_xlfn.IFNA(VLOOKUP(C15, exam!$A$2:$C$115,3,FALSE),0) -> 8 | M15: 10 | N15: 1 | R15: =J15*0.1+K15*0.1+MIN((L15+N15),10)*0.4+M15*0.4 -> 8.6 | S15: =IF(R15*10<50,5,ROUND(3*((100-R15*10)/50)+1,1)) -> 1.8 | T15: =IF(S15>4,5,IF((S15-TRUNC(S15))<0.3,TRUNC(S15),IF((S15-TRUNC(S15))>=0.7,TRUNC(S15)+0.7,TRUNC(S15)+0.3))) -> 1.7
A16: 8 | B16: CSE2022 | C16: 10422006 | D16: Nguyen Nhat | E16: Anh | F16: 1 | G16: 10422006@student.vgu.edu.vn | H16: 2 | J16: =VLOOKUP(C16,Lab!$C$9:$I$126, 6, FALSE) -> 10 | K16: =VLOOKUP(C16,Lab!$C$9:$I$126, 7, FALSE) -> 10 | L16: =_xlfn.IFNA(VLOOKUP(C16, exam!$A$2:$C$115,3,FALSE),0) -> 4.75 | M16: 10 | N16: 1 | R16: =J16*0.1+K16*0.1+MIN((L16+N16),10)*0.4+M16*0.4 -> 8.3 | S16: =IF(R16*10<50,5,ROUND(3*((100-R16*10)/50)+1,1)) -> 2 | T16: =IF(S16>4,5,IF((S16-TRUNC(S16))<0.3,TRUNC(S16),IF((S16-TRUNC(S16))>=0.7,TRUNC(S16)+0.7,TRUNC(S16)+0.3))) -> 2
A17: 9 | B17: CSE2022 | C17: 10422009 | D17: Nguyen Ngoc Minh | E17: Anh | F17: 1 | G17: 10422009@student.vgu.edu.vn | H17: 2 | J17: =VLOOKUP(C17,Lab!$C$9:$I$126, 6, FALSE) -> 8 | K17: =VLOOKUP(C17,Lab!$C$9:$I$126, 7, FALSE) -> 10 | L17: =_xlfn.IFNA(VLOOKUP(C17, exam!$A$2:$C$115,3,FALSE),0) -> 5.5 | M17: 10 | N17: 1 | R17: =J17*0.1+K17*0.1+MIN((L17+N17),10)*0.4+M17*0.4 -> 8.4 | S17: =IF(R17*10<50,5,ROUND(3*((100-R17*10)/50)+1,1)) -> 2 | T17: =IF(S17>4,5,IF((S17-TRUNC(S17))<0.3,TRUNC(S17),IF((S17-TRUNC(S17))>=0.7,TRUNC(S17)+0.7,TRUNC(S17)+0.3))) -> 2
A18: 10 | B18: CSE2022 | C18: 10422086 | D18: Dang Dinh Tu | E18: Anh | F18: 1 | G18: 10422086@student.vgu.edu.vn | H18: 1.3 | J18: =VLOOKUP(C18,Lab!$C$9:$I$126, 6, FALSE) -> 10 | K18: =VLOOKUP(C18,Lab!$C$9:$I$126, 7, FALSE) -> 10 | L18: =_xlfn.IFNA(VLOOKUP(C18, exam!$A$2:$C$115,3,FALSE),0) -> 7.75 | M18: 10 | N18: 1 | O18: bonus 2 not active | R18: =J18*0.1+K18*0.1+MIN((L18+N18),10)*0.4+M18*0.4 -> 9.5 | S18: =IF(R18*10<50,5,ROUND(3*((100-R18*10)/50)+1,1)) -> 1.3 | T18: =IF(S18>4,5,IF((S18-TRUNC(S18))<0.3,TRUNC(S18),IF((S18-TRUNC(S18))>=0.7,TRUNC(S18)+0.7,TRUNC(S18)+0.3))) -> 1.3
A19: 11 | B19: CSE2022 | C19: 10422087 | D19: Ho Viet | E19: Bach | F19: 1 | G19: 10422087@student.vgu.edu.vn | H19: 1.3 | J19: =VLOOKUP(C19,Lab!$C$9:$I$126, 6, FALSE) -> 10 | K19: =VLOOKUP(C19,Lab!$C$9:$I$126, 7, FALSE) -> 10 | L19: =_xlfn.IFNA(VLOOKUP(C19, exam!$A$2:$C$115,3,FALSE),0) -> 6.75 | M19: 10 | N19: 1 | R19: =J19*0.1+K19*0.1+MIN((L19+N19),10)*0.4+M19*0.4 -> 9.1 | S19: =IF(R19*10<50,5,ROUND(3*((100-R19*10)/50)+1,1)) -> 1.5 | T19: =IF(S19>4,5,IF((S19-TRUNC(S19))<0.3,TRUNC(S19),IF((S19-TRUNC(S19))>=0.7,TRUNC(S19)+0.7,TRUNC(S19)+0.3))) -> 1.3
A20: 12 | B20: CSE2022 | C20: 10421069 | D20: Tran Gia | E20: Bao | F20: 1 | G20: 10421069@student.vgu.edu.vn | H20: 5 | J20: =VLOOKUP(C20,Lab!$C$9:$I$126, 6, FALSE) -> 0 | K20: =VLOOKUP(C20,Lab!$C$9:$I$126, 7, FALSE) -> 10 | L20: =_xlfn.IFNA(VLOOKUP(C20, exam!$A$2:$C$115,3,FALSE),0) -> 6.5 | R20: =J20*0.1+K20*0.1+MIN((L20+N20),10)*0.4+M20*0.4 -> 3.6 | S20: =IF(R20*10<50,5,ROUND(3*((100-R20*10)/50)+1,1)) -> 5 | T20: =IF(S20>4,5,IF((S20-TRUNC(S20))<0.3,TRUNC(S20),IF((S20-TRUNC(S20))>=0.7,TRUNC(S20)+0.7,TRUNC(S20)+0.3))) -> 5
A21: 13 | B21: CSE2022 | C21: 10421125 | D21: Phan Le Quoc | E21: Bao | F21: 1 | G21: 10421125@student.vgu.edu.vn | H21: 5 | J21: =VLOOKUP(C21,Lab!$C$9:$I$126, 6, FALSE) -> 0 | K21: =VLOOKUP(C21,Lab!$C$9:$I$126, 7, FALSE) -> 10 | L21: =_xlfn.IFNA(VLOOKUP(C21, exam!$A$2:$C$115,3,FALSE),0) -> 6.25 | R21: =J21*0.1+K21*0.1+MIN((L21+N21),10)*0.4+M21*0.4 -> 3.5 | S21: =IF(R21*10<50,5,ROUND(3*((100-R21*10)/50)+1,1)) -> 5 | T21: =IF(S21>4,5,IF((S21-TRUNC(S21))<0.3,TRUNC(S21),IF((S21-TRUNC(S21))>=0.7,TRUNC(S21)+0.7,TRUNC(S21)+0.3))) -> 5
A22: 14 | B22: CSE2022 | C22: 10422011 | D22: Huynh Thien | E22: Bao | F22: 1 | G22: 10422011@student.vgu.edu.vn | H22: 1.3 | J22: =VLOOKUP(C22,Lab!$C$9:$I$126, 6, FALSE) -> 10 | K22: =VLOOKUP(C22,Lab!$C$9:$I$126, 7, FALSE) -> 10 | L22: =_xlfn.IFNA(VLOOKUP(C22, exam!$A$2:$C$115,3,FALSE),0) -> 6.5 | M22: 10 | N22: 2 | R22: =J22*0.1+K22*0.1+MIN((L22+N22),10)*0.4+M22*0.4 -> 9.4 | S22: =IF(R22*10<50,5,ROUND(3*((100-R22*10)/50)+1,1)) -> 1.4 | T22: =IF(S22>4,5,IF((S22-TRUNC(S22))<0.3,TRUNC(S22),IF((S22-TRUNC(S22))>=0.7,TRUNC(S22)+0.7,TRUNC(S22)+0.3))) -> 1.3
A23: 15 | B23: CSE2022 | C23: 10422012 | D23: Le Van Vinh | E23: Bao | F23: 1 | G23: 10422012@student.vgu.edu.vn | H23: 2.7 | J23: =VLOOKUP(C23,Lab!$C$9:$I$126, 6, FALSE) -> 10 | K23: =VLOOKUP(C23,Lab!$C$9:$I$126, 7, FALSE) -> 10 | L23: =_xlfn.IFNA(VLOOKUP(C23, exam!$A$2:$C$115,3,FALSE),0) -> 7.5 | M23: 5 | R23: =J23*0.1+K23*0.1+MIN((L23+N23),10)*0.4+M23*0.4 -> 7 | S23: =IF(R23*10<50,5,ROUND(3*((100-R23*10)/50)+1,1)) -> 2.8 | T23: =IF(S23>4,5,IF((S23-TRUNC(S23))<0.3,TRUNC(S23),IF((S23-TRUNC(S23))>=0.7,TRUNC(S23)+0.7,TRUNC(S23)+0.3))) -> 2.7
A24: 16 | B24: CSE2022 | C24: 10422013 | D24: Huynh Trung | E24: Bao | F24: 1 | G24: 10422013@student.vgu.edu.vn | H24: 3.7 | J24: =VLOOKUP(C24,Lab!$C$9:$I$126, 6, FALSE) -> 10 | K24: =VLOOKUP(C24,Lab!$C$9:$I$126, 7, FALSE) -> 10 | L24: =_xlfn.IFNA(VLOOKUP(C24, exam!$A$2:$C$115,3,FALSE),0) -> 7.75 | R24: =J24*0.1+K24*0.1+MIN((L24+N24),10)*0.4+M24*0.4 -> 5.1 | S24: =IF(R24*10<50,5,ROUND(3*((100-R24*10)/50)+1,1)) -> 3.9 | T24: =IF(S24>4,5,IF((S24-TRUNC(S24))<0.3,TRUNC(S24),IF((S24-TRUNC(S24))>=0.7,TRUNC(S24)+0.7,TRUNC(S24)+0.3))) -> 3.7
A25: 17 | B25: CSE2022 | C25: 10422014 | D25: Nguyen Phuc | E25: Bao | F25: 1 | G25: 10422014@student.vgu.edu.vn | H25: 2.7 | J25: =VLOOKUP(C25,Lab!$C$9:$I$126, 6, FALSE) -> 0 | K25: =VLOOKUP(C25,Lab!$C$9:$I$126, 7, FALSE) -> 10 | L25: =_xlfn.IFNA(VLOOKUP(C25, exam!$A$2:$C$115,3,FALSE),0) -> 5.25 | M25: 10 | R25: =J25*0.1+K25*0.1+MIN((L25+N25),10)*0.4+M25*0.4 -> 7.1 | S25: =IF(R25*10<50,5,ROUND(3*((100-R25*10)/50)+1,1)) -> 2.7 | T25: =IF(S25>4,5,IF((S25-TRUNC(S25))<0.3,TRUNC(S25),IF((S25-TRUNC(S25))>=0.7,TRUNC(S25)+0.7,TRUNC(S25)+0.3))) -> 2.7
A26: 18 | B26: CSE2022 | C26: 10422015 | D26: Duong Vo Thien | E26: Bao | F26: 1 | G26: 10422015@student.vgu.edu.vn | H26: 2 | J26: =VLOOKUP(C26,Lab!$C$9:$I$126, 6, FALSE) -> 10 | K26: =VLOOKUP(C26,Lab!$C$9:$I$126, 7, FALSE) -> 10 | L26: =_xlfn.IFNA(VLOOKUP(C26, exam!$A$2:$C$115,3,FALSE),0) -> 7.25 | M26: 8 | R26: =J26*0.1+K26*0.1+MIN((L26+N26),10)*0.4+M26*0.4 -> 8.1 | S26: =IF(R26*10<50,5,ROUND(3*((100-R26*10)/50)+1,1)) -> 2.1 | T26: =IF(S26>4,5,IF((S26-TRUNC(S26))<0.3,TRUNC(S26),IF((S26-TRUNC(S26))>=0.7,TRUNC(S26)+0.7,TRUNC(S26)+0.3))) -> 2
A27: 19 | B27: CSE2022 | C27: 10422123 | D27: Huynh Thien | E27: Bao | F27: 1 | G27: 10422123@student.vgu.edu.vn | H27: 3.7 | J27: =VLOOKUP(C27,Lab!$C$9:$I$126, 6, FALSE) -> 0 | K27: =VLOOKUP(C27,Lab!$C$9:$I$126, 7, FALSE) -> 10 | L27: =_xlfn.IFNA(VLOOKUP(C27, exam!$A$2:$C$115,3,FALSE),0) -> 6.25 | M27: 5 | R27: =J27*0.1+K27*0.1+MIN((L27+N27),10)*0.4+M27*0.4 -> 5.5 | S27: =IF(R27*10<50,5,ROUND(3*((100-R27*10)/50)+1,1)) -> 3.7 | T27: =IF(S27>4,5,IF((S27-TRUNC(S27))<0.3,TRUNC(S27),IF((S27-TRUNC(S27))>=0.7,TRUNC(S27)+0.7,TRUNC(S27)+0.3))) -> 3.7
A28: 20 | B28: CSE2022 | C28: 10422089 | D28: Luong Tieu | E28: Cuong | F28: 1 | G28: 10422089@student.vgu.edu.vn | H28: 2.7 | J28: =VLOOKUP(C28,Lab!$C$9:$I$126, 6, FALSE) -> 0 | K28: =VLOOKUP(C28,Lab!$C$9:$I$126, 7, FALSE) -> 10 | L28: =_xlfn.IFNA(VLOOKUP(C28, exam!$A$2:$C$115,3,FALSE),0) -> 7 | M28: 8 | R28: =J28*0.1+K28*0.1+MIN((L28+N28),10)*0.4+M28*0.4 -> 7 | S28: =IF(R28*10<50,5,ROUND(3*((100-R28*10)/50)+1,1)) -> 2.8 | T28: =IF(S28>4,5,IF((S28-TRUNC(S28))<0.3,TRUNC(S28),IF((S28-TRUNC(S28))>=0.7,TRUNC(S28)+0.7,TRUNC(S28)+0.3))) -> 2.7
A29: 21 | B29: CSE2022 | C29: 10422017 | D29: Nguyen Tran Quoc | E29: Dat | F29: 1 | G29: 10422017@student.vgu.edu.vn | H29: 1 | J29: 10 | K29: =VLOOKUP(C29,Lab!$C$9:$I$126, 7, FALSE) -> 10 | L29: =_xlfn.IFNA(VLOOKUP(C29, exam!$A$2:$C$115,3,FALSE),0) -> 8.75 | M29: 10 | N29: 1 | R29: =J29*0.1+K29*0.1+MIN((L29+N29),10)*0.4+M29*0.4 -> 9.9 | S29: =IF(R29*10<50,5,ROUND(3*((100-R29*10)/50)+1,1)) -> 1.1 | T29: =IF(S29>4,5,IF((S29-TRUNC(S29))<0.3,TRUNC(S29),IF((S29-TRUNC(S29))>=0.7,TRUNC(S29)+0.7,TRUNC(S29)+0.3))) -> 1
A30: 22 | B30: CSE2022 | C30: 10422091 | D30: Le Thanh | E30: Dat | F30: 1 | G30: 10422091@student.vgu.edu.vn | H30: 1.7 | J30: =VLOOKUP(C30,Lab!$C$9:$I$126, 6, FALSE) -> 4 | K30: =VLOOKUP(C30,Lab!$C$9:$I$126, 7, FALSE) -> 10 | L30: =_xlfn.IFNA(VLOOKUP(C30, exam!$A$2:$C$115,3,FALSE),0) -> 8 | M30: 10 | R30: =J30*0.1+K30*0.1+MIN((L30+N30),10)*0.4+M30*0.4 -> 8.6 | S30: =IF(R30*10<50,5,ROUND(3*((100-R30*10)/50)+1,1)) -> 1.8 | T30: =IF(S30>4,5,IF((S30-TRUNC(S30))<0.3,TRUNC(S30),IF((S30-TRUNC(S30))>=0.7,TRUNC(S30)+0.7,TRUNC(S30)+0.3))) -> 1.7
A31: 23 | B31: CSE2022 | C31: 10422018 | D31: Cao Kim | E31: Do | F31: 1 | G31: 10422018@student.vgu.edu.vn | H31: 2 | J31: =VLOOKUP(C31,Lab!$C$9:$I$126, 6, FALSE) -> 0 | K31: =VLOOKUP(C31,Lab!$C$9:$I$126, 7, FALSE) -> 10 | L31: =_xlfn.IFNA(VLOOKUP(C31, exam!$A$2:$C$115,3,FALSE),0) -> 7.75 | M31: 10 | N31: 0 | R31: =J31*0.1+K31*0.1+MIN((L31+N31),10)*0.4+M31*0.4 -> 8.1 | S31: =IF(R31*10<50,5,ROUND(3*((100-R31*10)/50)+1,1)) -> 2.1 | T31: =IF(S31>4,5,IF((S31-TRUNC(S31))<0.3,TRUNC(S31),IF((S31-TRUNC(S31))>=0.7,TRUNC(S31)+0.7,TRUNC(S31)+0.3))) -> 2
A32: 24 | B32: CSE2022 | C32: 10422019 | D32: Tran Manh | E32: Duc | F32: 1 | G32: 10422019@student.vgu.edu.vn | H32: 1.7 | J32: =VLOOKUP(C32,Lab!$C$9:$I$126, 6, FALSE) -> 10 | K32: =VLOOKUP(C32,Lab!$C$9:$I$126, 7, FALSE) -> 10 | L32: =_xlfn.IFNA(VLOOKUP(C32, exam!$A$2:$C$115,3,FALSE),0) -> 6.25 | M32: 10 | N32: 1 | R32: =J32*0.1+K32*0.1+MIN((L32+N32),10)*0.4+M32*0.4 -> 8.9 | S32: =IF(R32*10<50,5,ROUND(3*((100-R32*10)/50)+1,1)) -> 1.7 | T32: =IF(S32>4,5,IF((S32-TRUNC(S32))<0.3,TRUNC(S32),IF((S32-TRUNC(S32))>=0.7,TRUNC(S32)+0.7,TRUNC(S32)+0.3))) -> 1.7
A33: 25 | B33: CSE2022 | C33: 10422092 | D33: Truong Huynh Anh | E33: Duc | F33: 1 | G33: 10422092@student.vgu.edu.vn | H33: 1.3 | J33: =VLOOKUP(C33,Lab!$C$9:$I$126, 6, FALSE) -> 10 | K33: =VLOOKUP(C33,Lab!$C$9:$I$126, 7, FALSE) -> 10 | L33: =_xlfn.IFNA(VLOOKUP(C33, exam!$A$2:$C$115,3,FALSE),0) -> 7.5 | M33: 10 | N33: 1 | R33: =J33*0.1+K33*0.1+MIN((L33+N33),10)*0.4+M33*0.4 -> 9.4 | S33: =IF(R33*10<50,5,ROUND(3*((100-R33*10)/50)+1,1)) -> 1.4 | T33: =IF(S33>4,5,IF((S33-TRUNC(S33))<0.3,TRUNC(S33),IF((S33-TRUNC(S33))>=0.7,TRUNC(S33)+0.7,TRUNC(S33)+0.3))) -> 1.3
A34: 26 | B34: CSE2022 | C34: 10422020 | D34: Pham Dao Quoc | E34: Dung | F34: 1 | G34: 10422020@student.vgu.edu.vn | H34: 3 | J34: =VLOOKUP(C34,Lab!$C$9:$I$126, 6, FALSE) -> 8 | K34: =VLOOKUP(C34,Lab!$C$9:$I$126, 7, FALSE) -> 10 | L34: =_xlfn.IFNA(VLOOKUP(C34, exam!$A$2:$C$115,3,FALSE),0) -> 6.75 | M34: 5 | R34: =J34*0.1+K34*0.1+MIN((L34+N34),10)*0.4+M34*0.4 -> 6.5 | S34: =IF(R34*10<50,5,ROUND(3*((100-R34*10)/50)+1,1)) -> 3.1 | T34: =IF(S34>4,5,IF((S34-TRUNC(S34))<0.3,TRUNC(S34),IF((S34-TRUNC(S34))>=0.7,TRUNC(S34)+0.7,TRUNC(S34)+0.3))) -> 3
A35: 27 | B35: CSE2022 | C35: 10422093 | D35: Pham Quang | E35: Dung | F35: 1 | G35: 10422093@student.vgu.edu.vn | H35: 2 | J35: =VLOOKUP(C35,Lab!$C$9:$I$126, 6, FALSE) -> 10 | K35: =VLOOKUP(C35,Lab!$C$9:$I$126, 7, FALSE) -> 10 | L35: =_xlfn.IFNA(VLOOKUP(C35, exam!$A$2:$C$115,3,FALSE),0) -> 5 | M35: 10 | N35: 1 | R35: =J35*0.1+K35*0.1+MIN((L35+N35),10)*0.4+M35*0.4 -> 8.4 | S35: =IF(R35*10<50,5,ROUND(3*((100-R35*10)/50)+1,1)) -> 2 | T35: =IF(S35>4,5,IF((S35-TRUNC(S35))<0.3,TRUNC(S35),IF((S35-TRUNC(S35))>=0.7,TRUNC(S35)+0.7,TRUNC(S35)+0.3))) -> 2
A36: 28 | B36: CSE2022 | C36: 10422021 | D36: Tran Hai | E36: Duong | F36: 1 | G36: 10422021@student.vgu.edu.vn | H36: 1 | J36: =VLOOKUP(C36,Lab!$C$9:$I$126, 6, FALSE) -> 10 | K36: =VLOOKUP(C36,Lab!$C$9:$I$126, 7, FALSE) -> 10 | L36: =_xlfn.IFNA(VLOOKUP(C36, exam!$A$2:$C$115,3,FALSE),0) -> 9.5 | M36: 10 | N36: 2 | R36: =J36*0.1+K36*0.1+MIN((L36+N36),10)*0.4+M36*0.4 -> 10 | S36: =IF(R36*10<50,5,ROUND(3*((100-R36*10)/50)+1,1)) -> 1 | T36: =IF(S36>4,5,IF((S36-TRUNC(S36))<0.3,TRUNC(S36),IF((S36-TRUNC(S36))>=0.7,TRUNC(S36)+0.7,TRUNC(S36)+0.3))) -> 1
A37: 29 | B37: CSE2022 | C37: 17417 | D37: Bui Le | E37: Duy | F37: 1 | G37: 17417@student.vgu.edu.vn | H37: 5 | J37: =VLOOKUP(C37,Lab!$C$9:$I$126, 6, FALSE) -> 0 | L37: =_xlfn.IFNA(VLOOKUP(C37, exam!$A$2:$C$115,3,FALSE),0) -> 3.75 | R37: =J37*0.1+K37*0.1+MIN((L37+N37),10)*0.4+M37*0.4 -> 1.5 | S37: =IF(R37*10<50,5,ROUND(3*((100-R37*10)/50)+1,1)) -> 5 | T37: =IF(S37>4,5,IF((S37-TRUNC(S37))<0.3,TRUNC(S37),IF((S37-TRUNC(S37))>=0.7,TRUNC(S37)+0.7,TRUNC(S37)+0.3))) -> 5
A38: 30 | B38: CSE2022 | C38: 10422022 | D38: Pham | E38: Duy | F38: 1 | G38: 10422022@student.vgu.edu.vn | H38: 1.3 | J38: =VLOOKUP(C38,Lab!$C$9:$I$126, 6, FALSE) -> 10 | K38: =VLOOKUP(C38,Lab!$C$9:$I$126, 7, FALSE) -> 10 | L38: =_xlfn.IFNA(VLOOKUP(C38, exam!$A$2:$C$115,3,FALSE),0) -> 7.75 | M38: 10 | N38: 1 | R38: =J38*0.1+K38*0.1+MIN((L38+N38),10)*0.4+M38*0.4 -> 9.5 | S38: =IF(R38*10<50,5,ROUND(3*((100-R38*10)/50)+1,1)) -> 1.3 | T38: =IF(S38>4,5,IF((S38-TRUNC(S38))<0.3,TRUNC(S38),IF((S38-TRUNC(S38))>=0.7,TRUNC(S38)+0.7,TRUNC(S38)+0.3))) -> 1.3
A39: 31 | B39: CSE2022 | C39: 10422023 | D39: Nguyen | E39: Duy | F39: 1 | G39: 10422023@student.vgu.edu.vn | H39: 1 | J39: =VLOOKUP(C39,Lab!$C$9:$I$126, 6, FALSE) -> 10 | K39: =VLOOKUP(C39,Lab!$C$9:$I$126, 7, FALSE) -> 10 | L39: =_xlfn.IFNA(VLOOKUP(C39, exam!$A$2:$C$115,3,FALSE),0) -> 8 | M39: 10 | N39: 1 | O39: bonus 2 not correct | R39: =J39*0.1+K39*0.1+MIN((L39+N39),10)*0.4+M39*0.4 -> 9.6 | S39: =IF(R39*10<50,5,ROUND(3*((100-R39*10)/50)+1,1)) -> 1.2 | T39: =IF(S39>4,5,IF((S39-TRUNC(S39))<0.3,TRUNC(S39),IF((S39-TRUNC(S39))>=0.7,TRUNC(S39)+0.7,TRUNC(S39)+0.3))) -> 1
A40: 32 | B40: CSE2022 | C40: 10422024 | D40: Nguyen Minh | E40: Giap | F40: 1 | G40: 10422024@student.vgu.edu.vn | H40: 1 | J40: =VLOOKUP(C40,Lab!$C$9:$I$126, 6, FALSE) -> 10 | K40: =VLOOKUP(C40,Lab!$C$9:$I$126, 7, FALSE) -> 10 | L40: =_xlfn.IFNA(VLOOKUP(C40, exam!$A$2:$C$115,3,FALSE),0) -> 8.5 | M40: 10 | N40: 1 | R40: =J40*0.1+K40*0.1+MIN((L40+N40),10)*0.4+M40*0.4 -> 9.8 | S40: =IF(R40*10<50,5,ROUND(3*((100-R40*10)/50)+1,1)) -> 1.1 | T40: =IF(S40>4,5,IF((S40-TRUNC(S40))<0.3,TRUNC(S40),IF((S40-TRUNC(S40))>=0.7,TRUNC(S40)+0.7,TRUNC(S40)+0.3))) -> 1
A41: 33 | B41: CSE2022 | C41: 10421015 | D41: Vo Thi Hong | E41: Ha | F41: 1 | G41: 10421015@student.vgu.edu.vn | H41: 2 | J41: =VLOOKUP(C41,Lab!$C$9:$I$126, 6, FALSE) -> 10 | K41: =VLOOKUP(C41,Lab!$C$9:$I$126, 7, FALSE) -> 10 | L41: =_xlfn.IFNA(VLOOKUP(C41, exam!$A$2:$C$115,3,FALSE),0) -> 5.75 | M41: 10 | N41: 0 | R41: =J41*0.1+K41*0.1+MIN((L41+N41),10)*0.4+M41*0.4 -> 8.3 | S41: =IF(R41*10<50,5,ROUND(3*((100-R41*10)/50)+1,1)) -> 2 | T41: =IF(S41>4,5,IF((S41-TRUNC(S41))<0.3,TRUNC(S41),IF((S41-TRUNC(S41))>=0.7,TRUNC(S41)+0.7,TRUNC(S41)+0.3))) -> 2
A42: 34 | B42: CSE2022 | C42: 10422025 | D42: Truong Thanh | E42: Hai | F42: 1 | G42: 10422025@student.vgu.edu.vn | H42: 1.3 | J42: =VLOOKUP(C42,Lab!$C$9:$I$126, 6, FALSE) -> 10 | K42: =VLOOKUP(C42,Lab!$C$9:$I$126, 7, FALSE) -> 10 | L42: =_xlfn.IFNA(VLOOKUP(C42, exam!$A$2:$C$115,3,FALSE),0) -> 7.75 | M42: 10 | N42: 1 | O42: Bonus 1 not corrrect, bonus 2 not check loss | R42: =J42*0.1+K42*0.1+MIN((L42+N42),10)*0.4+M42*0.4 -> 9.5 | S42: =IF(R42*10<50,5,ROUND(3*((100-R42*10)/50)+1,1)) -> 1.3 | T42: =IF(S42>4,5,IF((S42-TRUNC(S42))<0.3,TRUNC(S42),IF((S42-TRUNC(S42))>=0.7,TRUNC(S42)+0.7,TRUNC(S42)+0.3))) -> 1.3
A43: 35 | B43: CSE2022 | C43: 10422094 | D43: Do Nam | E43: Hai | F43: 1 | G43: 10422094@student.vgu.edu.vn | H43: 2 | J43: =VLOOKUP(C43,Lab!$C$9:$I$126, 6, FALSE) -> 8 | K43: =VLOOKUP(C43,Lab!$C$9:$I$126, 7, FALSE) -> 10 | L43: =_xlfn.IFNA(VLOOKUP(C43, exam!$A$2:$C$115,3,FALSE),0) -> 5.5 | M43: 10 | R43: =J43*0.1+K43*0.1+MIN((L43+N43),10)*0.4+M43*0.4 -> 8 | S43: =IF(R43*10<50,5,ROUND(3*((100-R43*10)/50)+1,1)) -> 2.2 | T43: =IF(S43>4,5,IF((S43-TRUNC(S43))<0.3,TRUNC(S43),IF((S43-TRUNC(S43))>=0.7,TRUNC(S43)+0.7,TRUNC(S43)+0.3))) -> 2
A44: 36 | B44: CSE2022 | C44: 10422095 | D44: Nguyen Hoang | E44: Hao | F44: 1 | G44: 10422095@student.vgu.edu.vn | H44: 2.3 | J44: =VLOOKUP(C44,Lab!$C$9:$I$126, 6, FALSE) -> 10 | K44: =VLOOKUP(C44,Lab!$C$9:$I$126, 7, FALSE) -> 10 | L44: =_xlfn.IFNA(VLOOKUP(C44, exam!$A$2:$C$115,3,FALSE),0) -> 4.75 | M44: 10 | R44: =J44*0.1+K44*0.1+MIN((L44+N44),10)*0.4+M44*0.4 -> 7.9 | S44: =IF(R44*10<50,5,ROUND(3*((100-R44*10)/50)+1,1)) -> 2.3 | T44: =IF(S44>4,5,IF((S44-TRUNC(S44))<0.3,TRUNC(S44),IF((S44-TRUNC(S44))>=0.7,TRUNC(S44)+0.7,TRUNC(S44)+0.3))) -> 2.3
A45: 37 | B45: CSE2022 | C45: 10422026 | D45: Luu Huynh Phuc | E45: Hau | F45: 1 | G45: 10422026@student.vgu.edu.vn | H45: 2 | J45: =VLOOKUP(C45,Lab!$C$9:$I$126, 6, FALSE) -> 10 | K45: =VLOOKUP(C45,Lab!$C$9:$I$126, 7, FALSE) -> 10 | L45: =_xlfn.IFNA(VLOOKUP(C45, exam!$A$2:$C$115,3,FALSE),0) -> 4.75 | M45: 10 | N45: 1 | R45: =J45*0.1+K45*0.1+MIN((L45+N45),10)*0.4+M45*0.4 -> 8.3 | S45: =IF(R45*10<50,5,ROUND(3*((100-R45*10)/50)+1,1)) -> 2 | T45: =IF(S45>4,5,IF((S45-TRUNC(S45))<0.3,TRUNC(S45),IF((S45-TRUNC(S45))>=0.7,TRUNC(S45)+0.7,TRUNC(S45)+0.3))) -> 2
A46: 38 | B46: CSE2022 | C46: 10422027 | D46: Tran Phuc Tan | E46: Hien | F46: 1 | G46: 10422027@student.vgu.edu.vn | H46: 1.3 | J46: =VLOOKUP(C46,Lab!$C$9:$I$126, 6, FALSE) -> 10 | K46: =VLOOKUP(C46,Lab!$C$9:$I$126, 7, FALSE) -> 10 | L46: =_xlfn.IFNA(VLOOKUP(C46, exam!$A$2:$C$115,3,FALSE),0) -> 7.5 | M46: 10 | R46: =J46*0.1+K46*0.1+MIN((L46+N46),10)*0.4+M46*0.4 -> 9 | S46: =IF(R46*10<50,5,ROUND(3*((100-R46*10)/50)+1,1)) -> 1.6 | T46: =IF(S46>4,5,IF((S46-TRUNC(S46))<0.3,TRUNC(S46),IF((S46-TRUNC(S46))>=0.7,TRUNC(S46)+0.7,TRUNC(S46)+0.3))) -> 1.3
A47: 39 | B47: CSE2022 | C47: 10422028 | D47: Duong Minh | E47: Hieu | F47: 1 | G47: 10422028@student.vgu.edu.vn | H47: 5 | I47: Absent | J47: =VLOOKUP(C47,Lab!$C$9:$I$126, 6, FALSE) -> 0 | L47: =_xlfn.IFNA(VLOOKUP(C47, exam!$A$2:$C$115,3,FALSE),0) -> 0 | R47: =J47*0.1+K47*0.1+MIN((L47+N47),10)*0.4+M47*0.4 -> 0 | S47: =IF(R47*10<50,5,ROUND(3*((100-R47*10)/50)+1,1)) -> 5 | T47: =IF(S47>4,5,IF((S47-TRUNC(S47))<0.3,TRUNC(S47),IF((S47-TRUNC(S47))>=0.7,TRUNC(S47)+0.7,TRUNC(S47)+0.3))) -> 5
A48: 40 | B48: CSE2022 | C48: 10422029 | D48: Tran Minh | E48: Hieu | F48: 1 | G48: 10422029@student.vgu.edu.vn | H48: 2.3 | J48: =VLOOKUP(C48,Lab!$C$9:$I$126, 6, FALSE) -> 0 | K48: =VLOOKUP(C48,Lab!$C$9:$I$126, 7, FALSE) -> 10 | L48: =_xlfn.IFNA(VLOOKUP(C48, exam!$A$2:$C$115,3,FALSE),0) -> 5.75 | M48: 10 | N48: 0 | O48: wrong calculation, bonus 2 not run | R48: =J48*0.1+K48*0.1+MIN((L48+N48),10)*0.4+M48*0.4 -> 7.3 | S48: =IF(R48*10<50,5,ROUND(3*((100-R48*10)/50)+1,1)) -> 2.6 | T48: =IF(S48>4,5,IF((S48-TRUNC(S48))<0.3,TRUNC(S48),IF((S48-TRUNC(S48))>=0.7,TRUNC(S48)+0.7,TRUNC(S48)+0.3))) -> 2.3
A49: 41 | B49: CSE2022 | C49: 10422031 | D49: Nguyen Thanh Bao | E49: Hung | F49: 1 | G49: 10422031@student.vgu.edu.vn | H49: 1.7 | J49: =VLOOKUP(C49,Lab!$C$9:$I$126, 6, FALSE) -> 10 | K49: =VLOOKUP(C49,Lab!$C$9:$I$126, 7, FALSE) -> 10 | L49: =_xlfn.IFNA(VLOOKUP(C49, exam!$A$2:$C$115,3,FALSE),0) -> 5.75 | M49: 10 | N49: 1 | R49: =J49*0.1+K49*0.1+MIN((L49+N49),10)*0.4+M49*0.4 -> 8.7 | S49: =IF(R49*10<50,5,ROUND(3*((100-R49*10)/50)+1,1)) -> 1.8 | T49: =IF(S49>4,5,IF((S49-TRUNC(S49))<0.3,TRUNC(S49),IF((S49-TRUNC(S49))>=0.7,TRUNC(S49)+0.7,TRUNC(S49)+0.3))) -> 1.7
A50: 42 | B50: CSE2022 | C50: 10422032 | D50: Le Phu | E50: Hung | F50: 1 | G50: 10422032@student.vgu.edu.vn | H50: 5 | J50: =VLOOKUP(C50,Lab!$C$9:$I$126, 6, FALSE) -> 0 | K50: =VLOOKUP(C50,Lab!$C$9:$I$126, 7, FALSE) -> 0 | L50: =_xlfn.IFNA(VLOOKUP(C50, exam!$A$2:$C$115,3,FALSE),0) -> 5 | R50: =J50*0.1+K50*0.1+MIN((L50+N50),10)*0.4+M50*0.4 -> 2 | S50: =IF(R50*10<50,5,ROUND(3*((100-R50*10)/50)+1,1)) -> 5 | T50: =IF(S50>4,5,IF((S50-TRUNC(S50))<0.3,TRUNC(S50),IF((S50-TRUNC(S50))>=0.7,TRUNC(S50)+0.7,TRUNC(S50)+0.3))) -> 5
A51: 43 | B51: CSE2022 | C51: 10422033 | D51: Nguyen Phu | E51: Huy | F51: 1 | G51: 10422033@student.vgu.edu.vn | H51: 2.3 | J51: =VLOOKUP(C51,Lab!$C$9:$I$126, 6, FALSE) -> 0 | K51: =VLOOKUP(C51,Lab!$C$9:$I$126, 7, FALSE) -> 10 | L51: =_xlfn.IFNA(VLOOKUP(C51, exam!$A$2:$C$115,3,FALSE),0) -> 7 | M51: 10 | N51: 0 | O51: bonus 1 wrong calculation, bonus 2 wrong due to log_softmax | R51: =J51*0.1+K51*0.1+MIN((L51+N51),10)*0.4+M51*0.4 -> 7.8 | S51: =IF(R51*10<50,5,ROUND(3*((100-R51*10)/50)+1,1)) -> 2.3 | T51: =IF(S51>4,5,IF((S51-TRUNC(S51))<0.3,TRUNC(S51),IF((S51-TRUNC(S51))>=0.7,TRUNC(S51)+0.7,TRUNC(S51)+0.3))) -> 2.3
A52: 44 | B52: CSE2022 | C52: 10422097 | D52: Vu Duc | E52: Huy | F52: 1 | G52: 10422097@student.vgu.edu.vn | H52: 2.7 | J52: =VLOOKUP(C52,Lab!$C$9:$I$126, 6, FALSE) -> 0 | K52: =VLOOKUP(C52,Lab!$C$9:$I$126, 7, FALSE) -> 0 | L52: =_xlfn.IFNA(VLOOKUP(C52, exam!$A$2:$C$115,3,FALSE),0) -> 7 | M52: 10 | N52: 0 | O52: bonus 1 wrong calculation, bonus 2 not run | R52: =J52*0.1+K52*0.1+MIN((L52+N52),10)*0.4+M52*0.4 -> 6.8 | S52: =IF(R52*10<50,5,ROUND(3*((100-R52*10)/50)+1,1)) -> 2.9 | T52: =IF(S52>4,5,IF((S52-TRUNC(S52))<0.3,TRUNC(S52),IF((S52-TRUNC(S52))>=0.7,TRUNC(S52)+0.7,TRUNC(S52)+0.3))) -> 2.7
A53: 45 | B53: CSE2022 | C53: 10422098 | D53: Bui Dinh Anh | E53: Huy | F53: 1 | G53: 10422098@student.vgu.edu.vn | H53: 2 | J53: =VLOOKUP(C53,Lab!$C$9:$I$126, 6, FALSE) -> 10 | K53: =VLOOKUP(C53,Lab!$C$9:$I$126, 7, FALSE) -> 10 | L53: =_xlfn.IFNA(VLOOKUP(C53, exam!$A$2:$C$115,3,FALSE),0) -> 5.5 | M53: 10 | N53: 0 | O53: wrong calculation | R53: =J53*0.1+K53*0.1+MIN((L53+N53),10)*0.4+M53*0.4 -> 8.2 | S53: =IF(R53*10<50,5,ROUND(3*((100-R53*10)/50)+1,1)) -> 2.1 | T53: =IF(S53>4,5,IF((S53-TRUNC(S53))<0.3,TRUNC(S53),IF((S53-TRUNC(S53))>=0.7,TRUNC(S53)+0.7,TRUNC(S53)+0.3))) -> 2
A54: 46 | B54: CSE2022 | C54: 10422100 | D54: Pham Quang | E54: Huy | F54: 1 | G54: 10422100@student.vgu.edu.vn | H54: 2 | J54: =VLOOKUP(C54,Lab!$C$9:$I$126, 6, FALSE) -> 10 | K54: =VLOOKUP(C54,Lab!$C$9:$I$126, 7, FALSE) -> 10 | L54: =_xlfn.IFNA(VLOOKUP(C54, exam!$A$2:$C$115,3,FALSE),0) -> 5 | M54: 10 | R54: =J54*0.1+K54*0.1+MIN((L54+N54),10)*0.4+M54*0.4 -> 8 | S54: =IF(R54*10<50,5,ROUND(3*((100-R54*10)/50)+1,1)) -> 2.2 | T54: =IF(S54>4,5,IF((S54-TRUNC(S54))<0.3,TRUNC(S54),IF((S54-TRUNC(S54))>=0.7,TRUNC(S54)+0.7,TRUNC(S54)+0.3))) -> 2
A55: 47 | B55: CSE2022 | C55: 10422101 | D55: Vacherot Minh Khai | E55: Keaton | F55: 1 | G55: 10422101@student.vgu.edu.vn | H55: 2.3 | J55: =VLOOKUP(C55,Lab!$C$9:$I$126, 6, FALSE) -> 10 | K55: =VLOOKUP(C55,Lab!$C$9:$I$126, 7, FALSE) -> 10 | L55: =_xlfn.IFNA(VLOOKUP(C55, exam!$A$2:$C$115,3,FALSE),0) -> 7.25 | M55: 7 | N55: 0 | O55: load wrong checkpoints | R55: =J55*0.1+K55*0.1+MIN((L55+N55),10)*0.4+M55*0.4 -> 7.7 | S55: =IF(R55*10<50,5,ROUND(3*((100-R55*10)/50)+1,1)) -> 2.4 | T55: =IF(S55>4,5,IF((S55-TRUNC(S55))<0.3,TRUNC(S55),IF((S55-TRUNC(S55))>=0.7,TRUNC(S55)+0.7,TRUNC(S55)+0.3))) -> 2.3
A56: 48 | B56: CSE2022 | C56: 10422103 | D56: Pham Ngoc Duy | E56: Khanh | F56: 1 | G56: 10422103@student.vgu.edu.vn | H56: 3.3 | J56: =VLOOKUP(C56,Lab!$C$9:$I$126, 6, FALSE) -> 10 | K56: =VLOOKUP(C56,Lab!$C$9:$I$126, 7, FALSE) -> 10 | L56: =_xlfn.IFNA(VLOOKUP(C56, exam!$A$2:$C$115,3,FALSE),0) -> 5.25 | M56: 5 | O56: wrong loss function input, not work | R56: =J56*0.1+K56*0.1+MIN((L56+N56),10)*0.4+M56*0.4 -> 6.1 | S56: =IF(R56*10<50,5,ROUND(3*((100-R56*10)/50)+1,1)) -> 3.3 | T56: =IF(S56>4,5,IF((S56-TRUNC(S56))<0.3,TRUNC(S56),IF((S56-TRUNC(S56))>=0.7,TRUNC(S56)+0.7,TRUNC(S56)+0.3))) -> 3.3
A57: 49 | B57: CSE2022 | C57: 10421026 | D57: Huynh Nhat | E57: Khoa | F57: 1 | G57: 10421026@student.vgu.edu.vn | H57: 5 | J57: =VLOOKUP(C57,Lab!$C$9:$I$126, 6, FALSE) -> 10 | K57: =VLOOKUP(C57,Lab!$C$9:$I$126, 7, FALSE) -> 10 | L57: =_xlfn.IFNA(VLOOKUP(C57, exam!$A$2:$C$115,3,FALSE),0) -> 7.25 | O57: error in view | R57: =J57*0.1+K57*0.1+MIN((L57+N57),10)*0.4+M57*0.4 -> 4.9 | S57: =IF(R57*10<50,5,ROUND(3*((100-R57*10)/50)+1,1)) -> 5 | T57: =IF(S57>4,5,IF((S57-TRUNC(S57))<0.3,TRUNC(S57),IF((S57-TRUNC(S57))>=0.7,TRUNC(S57)+0.7,TRUNC(S57)+0.3))) -> 5
A58: 50 | B58: CSE2022 | C58: 10422035 | D58: Nguyen Tien | E58: Khoa | F58: 1 | G58: 10422035@student.vgu.edu.vn | H58: 2 | J58: =VLOOKUP(C58,Lab!$C$9:$I$126, 6, FALSE) -> 0 | K58: =VLOOKUP(C58,Lab!$C$9:$I$126, 7, FALSE) -> 10 | L58: =_xlfn.IFNA(VLOOKUP(C58, exam!$A$2:$C$115,3,FALSE),0) -> 7.5 | M58: 10 | R58: =J58*0.1+K58*0.1+MIN((L58+N58),10)*0.4+M58*0.4 -> 8 | S58: =IF(R58*10<50,5,ROUND(3*((100-R58*10)/50)+1,1)) -> 2.2 | T58: =IF(S58>4,5,IF((S58-TRUNC(S58))<0.3,TRUNC(S58),IF((S58-TRUNC(S58))>=0.7,TRUNC(S58)+0.7,TRUNC(S58)+0.3))) -> 2
A59: 51 | B59: CSE2022 | C59: 10422036 | D59: Ngo Duc Minh | E59: Khoa | F59: 1 | G59: 10422036@student.vgu.edu.vn | H59: 2 | J59: =VLOOKUP(C59,Lab!$C$9:$I$126, 6, FALSE) -> 10 | K59: =VLOOKUP(C59,Lab!$C$9:$I$126, 7, FALSE) -> 10 | L59: =_xlfn.IFNA(VLOOKUP(C59, exam!$A$2:$C$115,3,FALSE),0) -> 6 | M59: 10 | N59: 0 | O59: bonus 1 wrong | R59: =J59*0.1+K59*0.1+MIN((L59+N59),10)*0.4+M59*0.4 -> 8.4 | S59: =IF(R59*10<50,5,ROUND(3*((100-R59*10)/50)+1,1)) -> 2 | T59: =IF(S59>4,5,IF((S59-TRUNC(S59))<0.3,TRUNC(S59),IF((S59-TRUNC(S59))>=0.7,TRUNC(S59)+0.7,TRUNC(S59)+0.3))) -> 2
A60: 52 | B60: CSE2022 | C60: 10422037 | D60: Nguyen Hoang Anh | E60: Khoa | F60: 1 | G60: 10422037@student.vgu.edu.vn | H60: 3.7 | J60: =VLOOKUP(C60,Lab!$C$9:$I$126, 6, FALSE) -> 0 | K60: =VLOOKUP(C60,Lab!$C$9:$I$126, 7, FALSE) -> 0 | L60: =_xlfn.IFNA(VLOOKUP(C60, exam!$A$2:$C$115,3,FALSE),0) -> 5.75 | M60: 8 | O60: wrong calculation of wer | R60: =J60*0.1+K60*0.1+MIN((L60+N60),10)*0.4+M60*0.4 -> 5.5 | S60: =IF(R60*10<50,5,ROUND(3*((100-R60*10)/50)+1,1)) -> 3.7 | T60: =IF(S60>4,5,IF((S60-TRUNC(S60))<0.3,TRUNC(S60),IF((S60-TRUNC(S60))>=0.7,TRUNC(S60)+0.7,TRUNC(S60)+0.3))) -> 3.7
A61: 53 | B61: CSE2022 | C61: 10422104 | D61: Nguyen Anh | E61: Khoa | F61: 1 | G61: 10422104@student.vgu.edu.vn | H61: 5 | I61: Absent | J61: =VLOOKUP(C61,Lab!$C$9:$I$126, 6, FALSE) -> 0 | L61: =_xlfn.IFNA(VLOOKUP(C61, exam!$A$2:$C$115,3,FALSE),0) -> 0 | R61: =J61*0.1+K61*0.1+MIN((L61+N61),10)*0.4+M61*0.4 -> 0 | S61: =IF(R61*10<50,5,ROUND(3*((100-R61*10)/50)+1,1)) -> 5 | T61: =IF(S61>4,5,IF((S61-TRUNC(S61))<0.3,TRUNC(S61),IF((S61-TRUNC(S61))>=0.7,TRUNC(S61)+0.7,TRUNC(S61)+0.3))) -> 5
A62: 54 | B62: CSE2022 | C62: 10422039 | D62: Luu Danh Thanh | E62: Khoi | F62: 1 | G62: 10422039@student.vgu.edu.vn | H62: 1.3 | J62: =VLOOKUP(C62,Lab!$C$9:$I$126, 6, FALSE) -> 10 | K62: =VLOOKUP(C62,Lab!$C$9:$I$126, 7, FALSE) -> 10 | L62: =_xlfn.IFNA(VLOOKUP(C62, exam!$A$2:$C$115,3,FALSE),0) -> 7.25 | M62: 10 | N62: 1 | R62: =J62*0.1+K62*0.1+MIN((L62+N62),10)*0.4+M62*0.4 -> 9.3 | S62: =IF(R62*10<50,5,ROUND(3*((100-R62*10)/50)+1,1)) -> 1.4 | T62: =IF(S62>4,5,IF((S62-TRUNC(S62))<0.3,TRUNC(S62),IF((S62-TRUNC(S62))>=0.7,TRUNC(S62)+0.7,TRUNC(S62)+0.3))) -> 1.3
A63: 55 | B63: CSE2022 | C63: 10422040 | D63: Le Quang | E63: Kien | F63: 1 | G63: 10422040@student.vgu.edu.vn | H63: 1.3 | J63: =VLOOKUP(C63,Lab!$C$9:$I$126, 6, FALSE) -> 10 | K63: =VLOOKUP(C63,Lab!$C$9:$I$126, 7, FALSE) -> 10 | L63: =_xlfn.IFNA(VLOOKUP(C63, exam!$A$2:$C$115,3,FALSE),0) -> 7 | M63: 10 | N63: 1 | O63: just run bonus 2 one epoch | R63: =J63*0.1+K63*0.1+MIN((L63+N63),10)*0.4+M63*0.4 -> 9.2 | S63: =IF(R63*10<50,5,ROUND(3*((100-R63*10)/50)+1,1)) -> 1.5 | T63: =IF(S63>4,5,IF((S63-TRUNC(S63))<0.3,TRUNC(S63),IF((S63-TRUNC(S63))>=0.7,TRUNC(S63)+0.7,TRUNC(S63)+0.3))) -> 1.3
A64: 56 | B64: CSE2022 | C64: 10422041 | D64: Vo Van Tuan | E64: Kiet | F64: 1 | G64: 10422041@student.vgu.edu.vn | H64: 2.3 | J64: =VLOOKUP(C64,Lab!$C$9:$I$126, 6, FALSE) -> 0 | K64: =VLOOKUP(C64,Lab!$C$9:$I$126, 7, FALSE) -> 10 | L64: =_xlfn.IFNA(VLOOKUP(C64, exam!$A$2:$C$115,3,FALSE),0) -> 6.5 | M64: 9 | N64: 1 | O64: loss = 0.8, wer = 0.16 | R64: =J64*0.1+K64*0.1+MIN((L64+N64),10)*0.4+M64*0.4 -> 7.6 | S64: =IF(R64*10<50,5,ROUND(3*((100-R64*10)/50)+1,1)) -> 2.4 | T64: =IF(S64>4,5,IF((S64-TRUNC(S64))<0.3,TRUNC(S64),IF((S64-TRUNC(S64))>=0.7,TRUNC(S64)+0.7,TRUNC(S64)+0.3))) -> 2.3
A65: 57 | B65: CSE2022 | C65: 10422042 | D65: Tran Nguyen | E65: Kim | F65: 1 | G65: 10422042@student.vgu.edu.vn | H65: 2.3 | J65: =VLOOKUP(C65,Lab!$C$9:$I$126, 6, FALSE) -> 0 | K65: =VLOOKUP(C65,Lab!$C$9:$I$126, 7, FALSE) -> 10 | L65: =_xlfn.IFNA(VLOOKUP(C65, exam!$A$2:$C$115,3,FALSE),0) -> 7 | M65: 10 | N65: 0 | O65: wrong rel calculation | R65: =J65*0.1+K65*0.1+MIN((L65+N65),10)*0.4+M65*0.4 -> 7.8 | S65: =IF(R65*10<50,5,ROUND(3*((100-R65*10)/50)+1,1)) -> 2.3 | T65: =IF(S65>4,5,IF((S65-TRUNC(S65))<0.3,TRUNC(S65),IF((S65-TRUNC(S65))>=0.7,TRUNC(S65)+0.7,TRUNC(S65)+0.3))) -> 2.3
A66: 58 | B66: CSE2022 | C66: 10422105 | D66: Le Duc Thanh | E66: Kim | F66: 1 | G66: 10422105@student.vgu.edu.vn | H66: 2 | J66: =VLOOKUP(C66,Lab!$C$9:$I$126, 6, FALSE) -> 6 | K66: =VLOOKUP(C66,Lab!$C$9:$I$126, 7, FALSE) -> 10 | L66: =_xlfn.IFNA(VLOOKUP(C66, exam!$A$2:$C$115,3,FALSE),0) -> 7 | M66: 9 | O66: may have bugs in feature calculation | R66: =J66*0.1+K66*0.1+MIN((L66+N66),10)*0.4+M66*0.4 -> 8 | S66: =IF(R66*10<50,5,ROUND(3*((100-R66*10)/50)+1,1)) -> 2.2 | T66: =IF(S66>4,5,IF((S66-TRUNC(S66))<0.3,TRUNC(S66),IF((S66-TRUNC(S66))>=0.7,TRUNC(S66)+0.7,TRUNC(S66)+0.3))) -> 2
A67: 59 | B67: CSE2022 | C67: 10422043 | D67: Luong Bao | E67: Lam | F67: 1 | G67: 10422043@student.vgu.edu.vn | H67: 2.3 | J67: =VLOOKUP(C67,Lab!$C$9:$I$126, 6, FALSE) -> 10 | K67: =VLOOKUP(C67,Lab!$C$9:$I$126, 7, FALSE) -> 10 | L67: =_xlfn.IFNA(VLOOKUP(C67, exam!$A$2:$C$115,3,FALSE),0) -> 6 | M67: 8 | R67: =J67*0.1+K67*0.1+MIN((L67+N67),10)*0.4+M67*0.4 -> 7.6 | S67: =IF(R67*10<50,5,ROUND(3*((100-R67*10)/50)+1,1)) -> 2.4 | T67: =IF(S67>4,5,IF((S67-TRUNC(S67))<0.3,TRUNC(S67),IF((S67-TRUNC(S67))>=0.7,TRUNC(S67)+0.7,TRUNC(S67)+0.3))) -> 2.3
A68: 60 | B68: CSE2022 | C68: 10422106 | D68: Dang Phan Khanh | E68: Linh | F68: 1 | G68: 10422106@student.vgu.edu.vn | H68: 2 | J68: =VLOOKUP(C68,Lab!$C$9:$I$126, 6, FALSE) -> 10 | K68: =VLOOKUP(C68,Lab!$C$9:$I$126, 7, FALSE) -> 10 | L68: =_xlfn.IFNA(VLOOKUP(C68, exam!$A$2:$C$115,3,FALSE),0) -> 5.5 | M68: 10 | R68: =J68*0.1+K68*0.1+MIN((L68+N68),10)*0.4+M68*0.4 -> 8.2 | S68: =IF(R68*10<50,5,ROUND(3*((100-R68*10)/50)+1,1)) -> 2.1 | T68: =IF(S68>4,5,IF((S68-TRUNC(S68))<0.3,TRUNC(S68),IF((S68-TRUNC(S68))>=0.7,TRUNC(S68)+0.7,TRUNC(S68)+0.3))) -> 2
A69: 61 | B69: CSE2022 | C69: 10422044 | D69: Pham Bao | E69: Long | F69: 1 | G69: 10422044@student.vgu.edu.vn | H69: 1.7 | J69: =VLOOKUP(C69,Lab!$C$9:$I$126, 6, FALSE) -> 10 | K69: =VLOOKUP(C69,Lab!$C$9:$I$126, 7, FALSE) -> 10 | L69: =_xlfn.IFNA(VLOOKUP(C69, exam!$A$2:$C$115,3,FALSE),0) -> 7 | M69: 10 | R69: =J69*0.1+K69*0.1+MIN((L69+N69),10)*0.4+M69*0.4 -> 8.8 | S69: =IF(R69*10<50,5,ROUND(3*((100-R69*10)/50)+1,1)) -> 1.7 | T69: =IF(S69>4,5,IF((S69-TRUNC(S69))<0.3,TRUNC(S69),IF((S69-TRUNC(S69))>=0.7,TRUNC(S69)+0.7,TRUNC(S69)+0.3))) -> 1.7
A70: 62 | B70: CSE2022 | C70: 10422045 | D70: Nguyen Manh Thanh | E70: Long | F70: 1 | G70: 10422045@student.vgu.edu.vn | H70: 1.7 | J70: =VLOOKUP(C70,Lab!$C$9:$I$126, 6, FALSE) -> 10 | K70: =VLOOKUP(C70,Lab!$C$9:$I$126, 7, FALSE) -> 10 | L70: =_xlfn.IFNA(VLOOKUP(C70, exam!$A$2:$C$115,3,FALSE),0) -> 7.25 | M70: 10 | R70: =J70*0.1+K70*0.1+MIN((L70+N70),10)*0.4+M70*0.4 -> 8.9 | S70: =IF(R70*10<50,5,ROUND(3*((100-R70*10)/50)+1,1)) -> 1.7 | T70: =IF(S70>4,5,IF((S70-TRUNC(S70))<0.3,TRUNC(S70),IF((S70-TRUNC(S70))>=0.7,TRUNC(S70)+0.7,TRUNC(S70)+0.3))) -> 1.7
A71: 63 | B71: CSE2022 | C71: 10422046 | D71: Mac Hai | E71: Long | F71: 1 | G71: 10422046@student.vgu.edu.vn | H71: 2 | J71: =VLOOKUP(C71,Lab!$C$9:$I$126, 6, FALSE) -> 10 | K71: =VLOOKUP(C71,Lab!$C$9:$I$126, 7, FALSE) -> 10 | L71: =_xlfn.IFNA(VLOOKUP(C71, exam!$A$2:$C$115,3,FALSE),0) -> 5.75 | M71: 10 | O71: bonus 1 wrong calc | R71: =J71*0.1+K71*0.1+MIN((L71+N71),10)*0.4+M71*0.4 -> 8.3 | S71: =IF(R71*10<50,5,ROUND(3*((100-R71*10)/50)+1,1)) -> 2 | T71: =IF(S71>4,5,IF((S71-TRUNC(S71))<0.3,TRUNC(S71),IF((S71-TRUNC(S71))>=0.7,TRUNC(S71)+0.7,TRUNC(S71)+0.3))) -> 2
A72: 64 | B72: CSE2022 | C72: 10422047 | D72: Pham Duc | E72: Manh | F72: 1 | G72: 10422047@student.vgu.edu.vn | H72: 1.3 | J72: =VLOOKUP(C72,Lab!$C$9:$I$126, 6, FALSE) -> 10 | K72: =VLOOKUP(C72,Lab!$C$9:$I$126, 7, FALSE) -> 10 | L72: =_xlfn.IFNA(VLOOKUP(C72, exam!$A$2:$C$115,3,FALSE),0) -> 6.75 | M72: 10 | N72: 1 | R72: =J72*0.1+K72*0.1+MIN((L72+N72),10)*0.4+M72*0.4 -> 9.1 | S72: =IF(R72*10<50,5,ROUND(3*((100-R72*10)/50)+1,1)) -> 1.5 | T72: =IF(S72>4,5,IF((S72-TRUNC(S72))<0.3,TRUNC(S72),IF((S72-TRUNC(S72))>=0.7,TRUNC(S72)+0.7,TRUNC(S72)+0.3))) -> 1.3
A73: 65 | B73: CSE2022 | C73: 10422049 | D73: Nguyen Tran Ha | E73: Minh | F73: 1 | G73: 10422049@student.vgu.edu.vn | H73: 2.3 | J73: =VLOOKUP(C73,Lab!$C$9:$I$126, 6, FALSE) -> 0 | K73: =VLOOKUP(C73,Lab!$C$9:$I$126, 7, FALSE) -> 10 | L73: =_xlfn.IFNA(VLOOKUP(C73, exam!$A$2:$C$115,3,FALSE),0) -> 8.75 | M73: 7 | O73: not run decode wer | R73: =J73*0.1+K73*0.1+MIN((L73+N73),10)*0.4+M73*0.4 -> 7.3 | S73: =IF(R73*10<50,5,ROUND(3*((100-R73*10)/50)+1,1)) -> 2.6 | T73: =IF(S73>4,5,IF((S73-TRUNC(S73))<0.3,TRUNC(S73),IF((S73-TRUNC(S73))>=0.7,TRUNC(S73)+0.7,TRUNC(S73)+0.3))) -> 2.3
A74: 66 | B74: CSE2022 | C74: 10422050 | D74: Ton That Nhat | E74: Minh | F74: 1 | G74: 10422050@student.vgu.edu.vn | H74: 1 | J74: =VLOOKUP(C74,Lab!$C$9:$I$126, 6, FALSE) -> 10 | K74: =VLOOKUP(C74,Lab!$C$9:$I$126, 7, FALSE) -> 10 | L74: =_xlfn.IFNA(VLOOKUP(C74, exam!$A$2:$C$115,3,FALSE),0) -> 9 | M74: 10 | N74: 1 | O74: bonus 1 wrong | R74: =J74*0.1+K74*0.1+MIN((L74+N74),10)*0.4+M74*0.4 -> 10 | S74: =IF(R74*10<50,5,ROUND(3*((100-R74*10)/50)+1,1)) -> 1 | T74: =IF(S74>4,5,IF((S74-TRUNC(S74))<0.3,TRUNC(S74),IF((S74-TRUNC(S74))>=0.7,TRUNC(S74)+0.7,TRUNC(S74)+0.3))) -> 1
A75: 67 | B75: CSE2022 | C75: 10422051 | D75: Dao Hong | E75: Minh | F75: 1 | G75: 10422051@student.vgu.edu.vn | H75: 1 | J75: =VLOOKUP(C75,Lab!$C$9:$I$126, 6, FALSE) -> 10 | K75: =VLOOKUP(C75,Lab!$C$9:$I$126, 7, FALSE) -> 10 | L75: =_xlfn.IFNA(VLOOKUP(C75, exam!$A$2:$C$115,3,FALSE),0) -> 9 | M75: 10 | N75: 1 | O75: bonus 2 not run | R75: =J75*0.1+K75*0.1+MIN((L75+N75),10)*0.4+M75*0.4 -> 10 | S75: =IF(R75*10<50,5,ROUND(3*((100-R75*10)/50)+1,1)) -> 1 | T75: =IF(S75>4,5,IF((S75-TRUNC(S75))<0.3,TRUNC(S75),IF((S75-TRUNC(S75))>=0.7,TRUNC(S75)+0.7,TRUNC(S75)+0.3))) -> 1
A76: 68 | B76: CSE2022 | C76: 10422052 | D76: Vu Dinh | E76: Nam | F76: 1 | G76: 10422052@student.vgu.edu.vn | H76: 1.3 | J76: =VLOOKUP(C76,Lab!$C$9:$I$126, 6, FALSE) -> 10 | K76: =VLOOKUP(C76,Lab!$C$9:$I$126, 7, FALSE) -> 10 | L76: =_xlfn.IFNA(VLOOKUP(C76, exam!$A$2:$C$115,3,FALSE),0) -> 8.5 | M76: 10 | R76: =J76*0.1+K76*0.1+MIN((L76+N76),10)*0.4+M76*0.4 -> 9.4 | S76: =IF(R76*10<50,5,ROUND(3*((100-R76*10)/50)+1,1)) -> 1.4 | T76: =IF(S76>4,5,IF((S76-TRUNC(S76))<0.3,TRUNC(S76),IF((S76-TRUNC(S76))>=0.7,TRUNC(S76)+0.7,TRUNC(S76)+0.3))) -> 1.3
A77: 69 | B77: CSE2022 | C77: 10422053 | D77: Vu Manh | E77: Nghia | F77: 1 | G77: 10422053@student.vgu.edu.vn | H77: 5 | J77: =VLOOKUP(C77,Lab!$C$9:$I$126, 6, FALSE) -> 0 | K77: =VLOOKUP(C77,Lab!$C$9:$I$126, 7, FALSE) -> 10 | L77: =_xlfn.IFNA(VLOOKUP(C77, exam!$A$2:$C$115,3,FALSE),0) -> 8 | R77: =J77*0.1+K77*0.1+MIN((L77+N77),10)*0.4+M77*0.4 -> 4.2 | S77: =IF(R77*10<50,5,ROUND(3*((100-R77*10)/50)+1,1)) -> 5 | T77: =IF(S77>4,5,IF((S77-TRUNC(S77))<0.3,TRUNC(S77),IF((S77-TRUNC(S77))>=0.7,TRUNC(S77)+0.7,TRUNC(S77)+0.3))) -> 5
A78: 70 | B78: CSE2022 | C78: 10422054 | D78: Le Minh Bao | E78: Ngoc | F78: 1 | G78: 10422054@student.vgu.edu.vn | H78: 2.3 | J78: =VLOOKUP(C78,Lab!$C$9:$I$126, 6, FALSE) -> 10 | K78: =VLOOKUP(C78,Lab!$C$9:$I$126, 7, FALSE) -> 10 | L78: =_xlfn.IFNA(VLOOKUP(C78, exam!$A$2:$C$115,3,FALSE),0) -> 4.75 | M78: 10 | R78: =J78*0.1+K78*0.1+MIN((L78+N78),10)*0.4+M78*0.4 -> 7.9 | S78: =IF(R78*10<50,5,ROUND(3*((100-R78*10)/50)+1,1)) -> 2.3 | T78: =IF(S78>4,5,IF((S78-TRUNC(S78))<0.3,TRUNC(S78),IF((S78-TRUNC(S78))>=0.7,TRUNC(S78)+0.7,TRUNC(S78)+0.3))) -> 2.3
A79: 71 | B79: CSE2022 | C79: 10422055 | D79: Duong Bao | E79: Ngoc | F79: 1 | G79: 10422055@student.vgu.edu.vn | H79: 2.3 | J79: =VLOOKUP(C79,Lab!$C$9:$I$126, 6, FALSE) -> 0 | K79: =VLOOKUP(C79,Lab!$C$9:$I$126, 7, FALSE) -> 10 | L79: =_xlfn.IFNA(VLOOKUP(C79, exam!$A$2:$C$115,3,FALSE),0) -> 6.25 | M79: 10 | R79: =J79*0.1+K79*0.1+MIN((L79+N79),10)*0.4+M79*0.4 -> 7.5 | S79: =IF(R79*10<50,5,ROUND(3*((100-R79*10)/50)+1,1)) -> 2.5 | T79: =IF(S79>4,5,IF((S79-TRUNC(S79))<0.3,TRUNC(S79),IF((S79-TRUNC(S79))>=0.7,TRUNC(S79)+0.7,TRUNC(S79)+0.3))) -> 2.3
A80: 72 | B80: CSE2022 | C80: 10422056 | D80: Nguyen Hoang Yen | E80: Ngoc | F80: 1 | G80: 10422056@student.vgu.edu.vn | H80: 2 | J80: =VLOOKUP(C80,Lab!$C$9:$I$126, 6, FALSE) -> 10 | K80: =VLOOKUP(C80,Lab!$C$9:$I$126, 7, FALSE) -> 10 | L80: =_xlfn.IFNA(VLOOKUP(C80, exam!$A$2:$C$115,3,FALSE),0) -> 5.75 | M80: 10 | R80: =J80*0.1+K80*0.1+MIN((L80+N80),10)*0.4+M80*0.4 -> 8.3 | S80: =IF(R80*10<50,5,ROUND(3*((100-R80*10)/50)+1,1)) -> 2 | T80: =IF(S80>4,5,IF((S80-TRUNC(S80))<0.3,TRUNC(S80),IF((S80-TRUNC(S80))>=0.7,TRUNC(S80)+0.7,TRUNC(S80)+0.3))) -> 2
A81: 73 | B81: CSE2022 | C81: 10422057 | D81: Tran Si | E81: Nguyen | F81: 1 | G81: 10422057@student.vgu.edu.vn | H81: 2 | J81: =VLOOKUP(C81,Lab!$C$9:$I$126, 6, FALSE) -> 10 | K81: =VLOOKUP(C81,Lab!$C$9:$I$126, 7, FALSE) -> 10 | L81: =_xlfn.IFNA(VLOOKUP(C81, exam!$A$2:$C$115,3,FALSE),0) -> 4.5 | M81: 10 | N81: 1 | R81: =J81*0.1+K81*0.1+MIN((L81+N81),10)*0.4+M81*0.4 -> 8.2 | S81: =IF(R81*10<50,5,ROUND(3*((100-R81*10)/50)+1,1)) -> 2.1 | T81: =IF(S81>4,5,IF((S81-TRUNC(S81))<0.3,TRUNC(S81),IF((S81-TRUNC(S81))>=0.7,TRUNC(S81)+0.7,TRUNC(S81)+0.3))) -> 2
A82: 74 | B82: CSE2022 | C82: 10422058 | D82: Nguyen Khoi | E82: Nguyen | F82: 1 | G82: 10422058@student.vgu.edu.vn | H82: 1 | J82: =VLOOKUP(C82,Lab!$C$9:$I$126, 6, FALSE) -> 10 | K82: =VLOOKUP(C82,Lab!$C$9:$I$126, 7, FALSE) -> 10 | L82: =_xlfn.IFNA(VLOOKUP(C82, exam!$A$2:$C$115,3,FALSE),0) -> 9 | M82: 10 | N82: 1 | R82: =J82*0.1+K82*0.1+MIN((L82+N82),10)*0.4+M82*0.4 -> 10 | S82: =IF(R82*10<50,5,ROUND(3*((100-R82*10)/50)+1,1)) -> 1 | T82: =IF(S82>4,5,IF((S82-TRUNC(S82))<0.3,TRUNC(S82),IF((S82-TRUNC(S82))>=0.7,TRUNC(S82)+0.7,TRUNC(S82)+0.3))) -> 1
A83: 75 | B83: CSE2022 | C83: 10422059 | D83: Nguyen Thien | E83: Nguyen | F83: 1 | G83: 10422059@student.vgu.edu.vn | H83: 1.7 | J83: =VLOOKUP(C83,Lab!$C$9:$I$126, 6, FALSE) -> 10 | K83: =VLOOKUP(C83,Lab!$C$9:$I$126, 7, FALSE) -> 10 | L83: =_xlfn.IFNA(VLOOKUP(C83, exam!$A$2:$C$115,3,FALSE),0) -> 6.75 | M83: 10 | R83: =J83*0.1+K83*0.1+MIN((L83+N83),10)*0.4+M83*0.4 -> 8.7 | S83: =IF(R83*10<50,5,ROUND(3*((100-R83*10)/50)+1,1)) -> 1.8 | T83: =IF(S83>4,5,IF((S83-TRUNC(S83))<0.3,TRUNC(S83),IF((S83-TRUNC(S83))>=0.7,TRUNC(S83)+0.7,TRUNC(S83)+0.3))) -> 1.7
A84: 76 | B84: CSE2022 | C84: 10422108 | D84: Nguyen Do Quynh | E84: Nguyen | F84: 1 | G84: 10422108@student.vgu.edu.vn | H84: 3.7 | J84: =VLOOKUP(C84,Lab!$C$9:$I$126, 6, FALSE) -> 10 | K84: =VLOOKUP(C84,Lab!$C$9:$I$126, 7, FALSE) -> 10 | L84: =_xlfn.IFNA(VLOOKUP(C84, exam!$A$2:$C$115,3,FALSE),0) -> 7.75 | R84: =J84*0.1+K84*0.1+MIN((L84+N84),10)*0.4+M84*0.4 -> 5.1 | S84: =IF(R84*10<50,5,ROUND(3*((100-R84*10)/50)+1,1)) -> 3.9 | T84: =IF(S84>4,5,IF((S84-TRUNC(S84))<0.3,TRUNC(S84),IF((S84-TRUNC(S84))>=0.7,TRUNC(S84)+0.7,TRUNC(S84)+0.3))) -> 3.7
A85: 77 | B85: CSE2022 | C85: 10422109 | D85: Pham Thanh | E85: Nha | F85: 1 | G85: 10422109@student.vgu.edu.vn | H85: 2.3 | J85: =VLOOKUP(C85,Lab!$C$9:$I$126, 6, FALSE) -> 0 | K85: =VLOOKUP(C85,Lab!$C$9:$I$126, 7, FALSE) -> 10 | L85: =_xlfn.IFNA(VLOOKUP(C85, exam!$A$2:$C$115,3,FALSE),0) -> 6.25 | M85: 10 | N85: 0 | O85: bonus 1 wrong, bonus 2 not run | R85: =J85*0.1+K85*0.1+MIN((L85+N85),10)*0.4+M85*0.4 -> 7.5 | S85: =IF(R85*10<50,5,ROUND(3*((100-R85*10)/50)+1,1)) -> 2.5 | T85: =IF(S85>4,5,IF((S85-TRUNC(S85))<0.3,TRUNC(S85),IF((S85-TRUNC(S85))>=0.7,TRUNC(S85)+0.7,TRUNC(S85)+0.3))) -> 2.3
A86: 78 | B86: CSE2022 | C86: 10421098 | D86: Nguyen Le Chi | E86: Nhan | F86: 1 | G86: 10421098@student.vgu.edu.vn | H86: 1.7 | J86: =VLOOKUP(C86,Lab!$C$9:$I$126, 6, FALSE) -> 0 | K86: =VLOOKUP(C86,Lab!$C$9:$I$126, 7, FALSE) -> 10 | L86: =_xlfn.IFNA(VLOOKUP(C86, exam!$A$2:$C$115,3,FALSE),0) -> 7.75 | M86: 10 | N86: 1 | R86: =J86*0.1+K86*0.1+MIN((L86+N86),10)*0.4+M86*0.4 -> 8.5 | S86: =IF(R86*10<50,5,ROUND(3*((100-R86*10)/50)+1,1)) -> 1.9 | T86: =IF(S86>4,5,IF((S86-TRUNC(S86))<0.3,TRUNC(S86),IF((S86-TRUNC(S86))>=0.7,TRUNC(S86)+0.7,TRUNC(S86)+0.3))) -> 1.7
A87: 79 | B87: CSE2022 | C87: 10422110 | D87: Nguyen Thanh | E87: Nhan | F87: 1 | G87: 10422110@student.vgu.edu.vn | H87: 1.3 | J87: =VLOOKUP(C87,Lab!$C$9:$I$126, 6, FALSE) -> 10 | K87: =VLOOKUP(C87,Lab!$C$9:$I$126, 7, FALSE) -> 10 | L87: =_xlfn.IFNA(VLOOKUP(C87, exam!$A$2:$C$115,3,FALSE),0) -> 7.5 | M87: 10 | N87: 1 | R87: =J87*0.1+K87*0.1+MIN((L87+N87),10)*0.4+M87*0.4 -> 9.4 | S87: =IF(R87*10<50,5,ROUND(3*((100-R87*10)/50)+1,1)) -> 1.4 | T87: =IF(S87>4,5,IF((S87-TRUNC(S87))<0.3,TRUNC(S87),IF((S87-TRUNC(S87))>=0.7,TRUNC(S87)+0.7,TRUNC(S87)+0.3))) -> 1.3
A88: 80 | B88: CSE2022 | C88: 10422060 | D88: Hoang Quang | E88: Nhat | F88: 1 | G88: 10422060@student.vgu.edu.vn | H88: 1 | J88: =VLOOKUP(C88,Lab!$C$9:$I$126, 6, FALSE) -> 10 | K88: =VLOOKUP(C88,Lab!$C$9:$I$126, 7, FALSE) -> 10 | L88: =_xlfn.IFNA(VLOOKUP(C88, exam!$A$2:$C$115,3,FALSE),0) -> 8.25 | M88: 10 | N88: 1 | R88: =J88*0.1+K88*0.1+MIN((L88+N88),10)*0.4+M88*0.4 -> 9.7 | S88: =IF(R88*10<50,5,ROUND(3*((100-R88*10)/50)+1,1)) -> 1.2 | T88: =IF(S88>4,5,IF((S88-TRUNC(S88))<0.3,TRUNC(S88),IF((S88-TRUNC(S88))>=0.7,TRUNC(S88)+0.7,TRUNC(S88)+0.3))) -> 1
A89: 81 | B89: CSE2022 | C89: 10422061 | D89: Mai Thi Yen | E89: Nhi | F89: 1 | G89: 10422061@student.vgu.edu.vn | H89: 2 | J89: =VLOOKUP(C89,Lab!$C$9:$I$126, 6, FALSE) -> 10 | K89: =VLOOKUP(C89,Lab!$C$9:$I$126, 7, FALSE) -> 10 | L89: =_xlfn.IFNA(VLOOKUP(C89, exam!$A$2:$C$115,3,FALSE),0) -> 7 | M89: 8 | O89: wrong calculation wer | R89: =J89*0.1+K89*0.1+MIN((L89+N89),10)*0.4+M89*0.4 -> 8 | S89: =IF(R89*10<50,5,ROUND(3*((100-R89*10)/50)+1,1)) -> 2.2 | T89: =IF(S89>4,5,IF((S89-TRUNC(S89))<0.3,TRUNC(S89),IF((S89-TRUNC(S89))>=0.7,TRUNC(S89)+0.7,TRUNC(S89)+0.3))) -> 2
A90: 82 | B90: CSE2022 | C90: 10422062 | D90: Truong Hao | E90: Nhien | F90: 1 | G90: 10422062@student.vgu.edu.vn | H90: 1 | J90: =VLOOKUP(C90,Lab!$C$9:$I$126, 6, FALSE) -> 10 | K90: =VLOOKUP(C90,Lab!$C$9:$I$126, 7, FALSE) -> 10 | L90: =_xlfn.IFNA(VLOOKUP(C90, exam!$A$2:$C$115,3,FALSE),0) -> 8.5 | M90: 10 | N90: 1 | R90: =J90*0.1+K90*0.1+MIN((L90+N90),10)*0.4+M90*0.4 -> 9.8 | S90: =IF(R90*10<50,5,ROUND(3*((100-R90*10)/50)+1,1)) -> 1.1 | T90: =IF(S90>4,5,IF((S90-TRUNC(S90))<0.3,TRUNC(S90),IF((S90-TRUNC(S90))>=0.7,TRUNC(S90)+0.7,TRUNC(S90)+0.3))) -> 1
A91: 83 | B91: CSE2022 | C91: 10422063 | D91: Pham Luu Minh | E91: Nhu | F91: 1 | G91: 10422063@student.vgu.edu.vn | H91: 1.7 | J91: =VLOOKUP(C91,Lab!$C$9:$I$126, 6, FALSE) -> 8 | K91: =VLOOKUP(C91,Lab!$C$9:$I$126, 7, FALSE) -> 10 | L91: =_xlfn.IFNA(VLOOKUP(C91, exam!$A$2:$C$115,3,FALSE),0) -> 7.75 | M91: 10 | N91: 0 | O91: bonus 1 wrong, bonus 2 missing code part | R91: =J91*0.1+K91*0.1+MIN((L91+N91),10)*0.4+M91*0.4 -> 8.9 | S91: =IF(R91*10<50,5,ROUND(3*((100-R91*10)/50)+1,1)) -> 1.7 | T91: =IF(S91>4,5,IF((S91-TRUNC(S91))<0.3,TRUNC(S91),IF((S91-TRUNC(S91))>=0.7,TRUNC(S91)+0.7,TRUNC(S91)+0.3))) -> 1.7
A92: 84 | B92: CSE2022 | C92: 10422111 | D92: Nguyen Tran Chan | E92: Nhu | F92: 1 | G92: 10422111@student.vgu.edu.vn | H92: 1.7 | J92: =VLOOKUP(C92,Lab!$C$9:$I$126, 6, FALSE) -> 10 | K92: =VLOOKUP(C92,Lab!$C$9:$I$126, 7, FALSE) -> 10 | L92: =_xlfn.IFNA(VLOOKUP(C92, exam!$A$2:$C$115,3,FALSE),0) -> 7 | M92: 10 | N92: 0 | O92: bonus 1 wrong | R92: =J92*0.1+K92*0.1+MIN((L92+N92),10)*0.4+M92*0.4 -> 8.8 | S92: =IF(R92*10<50,5,ROUND(3*((100-R92*10)/50)+1,1)) -> 1.7 | T92: =IF(S92>4,5,IF((S92-TRUNC(S92))<0.3,TRUNC(S92),IF((S92-TRUNC(S92))>=0.7,TRUNC(S92)+0.7,TRUNC(S92)+0.3))) -> 1.7
A93: 85 | B93: CSE2022 | C93: 10422112 | D93: Nguyen Huu | E93: Oanh | F93: 1 | G93: 10422112@student.vgu.edu.vn | H93: 2.7 | J93: =VLOOKUP(C93,Lab!$C$9:$I$126, 6, FALSE) -> 0 | K93: =VLOOKUP(C93,Lab!$C$9:$I$126, 7, FALSE) -> 10 | L93: =_xlfn.IFNA(VLOOKUP(C93, exam!$A$2:$C$115,3,FALSE),0) -> 4 | M93: 10 | N93: 1 | O93: bonus 2 wrong | R93: =J93*0.1+K93*0.1+MIN((L93+N93),10)*0.4+M93*0.4 -> 7 | S93: =IF(R93*10<50,5,ROUND(3*((100-R93*10)/50)+1,1)) -> 2.8 | T93: =IF(S93>4,5,IF((S93-TRUNC(S93))<0.3,TRUNC(S93),IF((S93-TRUNC(S93))>=0.7,TRUNC(S93)+0.7,TRUNC(S93)+0.3))) -> 2.7
A94: 86 | B94: CSE2022 | C94: 10222025 | D94: Tran Duc | E94: Phat | F94: 1 | G94: 10222025@student.vgu.edu.vn | H94: 3 | J94: =VLOOKUP(C94,Lab!$C$9:$I$126, 6, FALSE) -> 10 | K94: =VLOOKUP(C94,Lab!$C$9:$I$126, 7, FALSE) -> 10 | L94: =_xlfn.IFNA(VLOOKUP(C94, exam!$A$2:$C$115,3,FALSE),0) -> 6 | M94: 5 | R94: =J94*0.1+K94*0.1+MIN((L94+N94),10)*0.4+M94*0.4 -> 6.4 | S94: =IF(R94*10<50,5,ROUND(3*((100-R94*10)/50)+1,1)) -> 3.2 | T94: =IF(S94>4,5,IF((S94-TRUNC(S94))<0.3,TRUNC(S94),IF((S94-TRUNC(S94))>=0.7,TRUNC(S94)+0.7,TRUNC(S94)+0.3))) -> 3
A95: 87 | B95: CSE2022 | C95: 10422064 | D95: Nguyen Thuc Nguyen | E95: Phong | F95: 1 | G95: 10422064@student.vgu.edu.vn | H95: 5 | J95: =VLOOKUP(C95,Lab!$C$9:$I$126, 6, FALSE) -> 0 | K95: =VLOOKUP(C95,Lab!$C$9:$I$126, 7, FALSE) -> 10 | L95: =_xlfn.IFNA(VLOOKUP(C95, exam!$A$2:$C$115,3,FALSE),0) -> 5.25 | R95: =J95*0.1+K95*0.1+MIN((L95+N95),10)*0.4+M95*0.4 -> 3.1 | S95: =IF(R95*10<50,5,ROUND(3*((100-R95*10)/50)+1,1)) -> 5 | T95: =IF(S95>4,5,IF((S95-TRUNC(S95))<0.3,TRUNC(S95),IF((S95-TRUNC(S95))>=0.7,TRUNC(S95)+0.7,TRUNC(S95)+0.3))) -> 5
A96: 88 | B96: CSE2022 | C96: 10422065 | D96: Nguyen Xuan | E96: Phu | F96: 1 | G96: 10422065@student.vgu.edu.vn | H96: 1.7 | J96: =VLOOKUP(C96,Lab!$C$9:$I$126, 6, FALSE) -> 8 | K96: =VLOOKUP(C96,Lab!$C$9:$I$126, 7, FALSE) -> 10 | L96: =_xlfn.IFNA(VLOOKUP(C96, exam!$A$2:$C$115,3,FALSE),0) -> 6.75 | M96: 10 | R96: =J96*0.1+K96*0.1+MIN((L96+N96),10)*0.4+M96*0.4 -> 8.5 | S96: =IF(R96*10<50,5,ROUND(3*((100-R96*10)/50)+1,1)) -> 1.9 | T96: =IF(S96>4,5,IF((S96-TRUNC(S96))<0.3,TRUNC(S96),IF((S96-TRUNC(S96))>=0.7,TRUNC(S96)+0.7,TRUNC(S96)+0.3))) -> 1.7
A97: 89 | B97: CSE2022 | C97: 10422066 | D97: Le Thanh | E97: Phuc | F97: 1 | G97: 10422066@student.vgu.edu.vn | H97: 2.7 | J97: =VLOOKUP(C97,Lab!$C$9:$I$126, 6, FALSE) -> 0 | K97: =VLOOKUP(C97,Lab!$C$9:$I$126, 7, FALSE) -> 10 | L97: =_xlfn.IFNA(VLOOKUP(C97, exam!$A$2:$C$115,3,FALSE),0) -> 5.25 | M97: 10 | R97: =J97*0.1+K97*0.1+MIN((L97+N97),10)*0.4+M97*0.4 -> 7.1 | S97: =IF(R97*10<50,5,ROUND(3*((100-R97*10)/50)+1,1)) -> 2.7 | T97: =IF(S97>4,5,IF((S97-TRUNC(S97))<0.3,TRUNC(S97),IF((S97-TRUNC(S97))>=0.7,TRUNC(S97)+0.7,TRUNC(S97)+0.3))) -> 2.7
A98: 90 | B98: CSE2022 | C98: 10422067 | D98: Nguyen Song Thien | E98: Phuc | F98: 1 | G98: 10422067@student.vgu.edu.vn | H98: 5 | J98: =VLOOKUP(C98,Lab!$C$9:$I$126, 6, FALSE) -> 0 | K98: =VLOOKUP(C98,Lab!$C$9:$I$126, 7, FALSE) -> 0 | L98: =_xlfn.IFNA(VLOOKUP(C98, exam!$A$2:$C$115,3,FALSE),0) -> 7.25 | R98: =J98*0.1+K98*0.1+MIN((L98+N98),10)*0.4+M98*0.4 -> 2.9 | S98: =IF(R98*10<50,5,ROUND(3*((100-R98*10)/50)+1,1)) -> 5 | T98: =IF(S98>4,5,IF((S98-TRUNC(S98))<0.3,TRUNC(S98),IF((S98-TRUNC(S98))>=0.7,TRUNC(S98)+0.7,TRUNC(S98)+0.3))) -> 5
A99: 91 | B99: CSE2022 | C99: 10422113 | D99: Nguyen Gia | E99: Phuong | F99: 1 | G99: 10422113@student.vgu.edu.vn | H99: 1.3 | J99: =VLOOKUP(C99,Lab!$C$9:$I$126, 6, FALSE) -> 10 | K99: =VLOOKUP(C99,Lab!$C$9:$I$126, 7, FALSE) -> 10 | L99: =_xlfn.IFNA(VLOOKUP(C99, exam!$A$2:$C$115,3,FALSE),0) -> 8 | M99: 10 | N99: 0 | O99: Bonus run failed | R99: =J99*0.1+K99*0.1+MIN((L99+N99),10)*0.4+M99*0.4 -> 9.2 | S99: =IF(R99*10<50,5,ROUND(3*((100-R99*10)/50)+1,1)) -> 1.5 | T99: =IF(S99>4,5,IF((S99-TRUNC(S99))<0.3,TRUNC(S99),IF((S99-TRUNC(S99))>=0.7,TRUNC(S99)+0.7,TRUNC(S99)+0.3))) -> 1.3
A100: 92 | B100: CSE2022 | C100: 10421102 | D100: Le Ba Thai | E100: Quan | F100: 1 | G100: 10421102@student.vgu.edu.vn | H100: 1.7 | J100: =VLOOKUP(C100,Lab!$C$9:$I$126, 6, FALSE) -> 4 | K100: =VLOOKUP(C100,Lab!$C$9:$I$126, 7, FALSE) -> 10 | L100: =_xlfn.IFNA(VLOOKUP(C100, exam!$A$2:$C$115,3,FALSE),0) -> 8.25 | M100: 10 | N100: 0 | R100: =J100*0.1+K100*0.1+MIN((L100+N100),10)*0.4+M100*0.4 -> 8.7 | S100: =IF(R100*10<50,5,ROUND(3*((100-R100*10)/50)+1,1)) -> 1.8 | T100: =IF(S100>4,5,IF((S100-TRUNC(S100))<0.3,TRUNC(S100),IF((S100-TRUNC(S100))>=0.7,TRUNC(S100)+0.7,TRUNC(S100)+0.3))) -> 1.7
A101: 93 | B101: CSE2022 | C101: 10422070 | D101: Hoang Nam | E101: Quoc | F101: 1 | G101: 10422070@student.vgu.edu.vn | H101: 2.3 | J101: =VLOOKUP(C101,Lab!$C$9:$I$126, 6, FALSE) -> 0 | K101: =VLOOKUP(C101,Lab!$C$9:$I$126, 7, FALSE) -> 10 | L101: =_xlfn.IFNA(VLOOKUP(C101, exam!$A$2:$C$115,3,FALSE),0) -> 5 | M101: 10 | N101: 1 | O101: Bonus 2 may have bugs | R101: =J101*0.1+K101*0.1+MIN((L101+N101),10)*0.4+M101*0.4 -> 7.4 | S101: =IF(R101*10<50,5,ROUND(3*((100-R101*10)/50)+1,1)) -> 2.6 | T101: =IF(S101>4,5,IF((S101-TRUNC(S101))<0.3,TRUNC(S101),IF((S101-TRUNC(S101))>=0.7,TRUNC(S101)+0.7,TRUNC(S101)+0.3))) -> 2.3
A102: 94 | B102: CSE2022 | C102: 10422071 | D102: Tran Phuc | E102: Quy | F102: 1 | G102: 10422071@student.vgu.edu.vn | H102: 3.3 | J102: =VLOOKUP(C102,Lab!$C$9:$I$126, 6, FALSE) -> 2 | K102: =VLOOKUP(C102,Lab!$C$9:$I$126, 7, FALSE) -> 10 | L102: =_xlfn.IFNA(VLOOKUP(C102, exam!$A$2:$C$115,3,FALSE),0) -> 6.5 | M102: 5 | O102: no training run | R102: =J102*0.1+K102*0.1+MIN((L102+N102),10)*0.4+M102*0.4 -> 5.8 | S102: =IF(R102*10<50,5,ROUND(3*((100-R102*10)/50)+1,1)) -> 3.5 | T102: =IF(S102>4,5,IF((S102-TRUNC(S102))<0.3,TRUNC(S102),IF((S102-TRUNC(S102))>=0.7,TRUNC(S102)+0.7,TRUNC(S102)+0.3))) -> 3.3
A103: 95 | B103: CSE2022 | C103: 10421053 | D103: Huynh Thi Kim | E103: Quynh | F103: 1 | G103: 10421053@student.vgu.edu.vn | H103: 2 | J103: =VLOOKUP(C103,Lab!$C$9:$I$126, 6, FALSE) -> 2 | K103: =VLOOKUP(C103,Lab!$C$9:$I$126, 7, FALSE) -> 10 | L103: =_xlfn.IFNA(VLOOKUP(C103, exam!$A$2:$C$115,3,FALSE),0) -> 7.75 | M103: 10 | R103: =J103*0.1+K103*0.1+MIN((L103+N103),10)*0.4+M103*0.4 -> 8.3 | S103: =IF(R103*10<50,5,ROUND(3*((100-R103*10)/50)+1,1)) -> 2 | T103: =IF(S103>4,5,IF((S103-TRUNC(S103))<0.3,TRUNC(S103),IF((S103-TRUNC(S103))>=0.7,TRUNC(S103)+0.7,TRUNC(S103)+0.3))) -> 2
...

Sheet Lab
A1: Final Exam Result
D3: Module: Introduction to Data Science and AI | H3: Exam Date: 25.06.2024
D4: Lecturer: Dr. Nguyen Tuan Cuong | H4: Time: 09:30 - 11:00
D5: Semester: SS2024 | H5: Duration: 90 minutes
A8: No. | B8: Intake | C8: VGU ID | D8: Last Names and Middle Names | E8: Names | F8: Attempts | G8: Emails | H8: Lab1 | I8: Lab2 | J8: Note
A9: 1 | B9: CSE2021 | C9: 10421133 | D9: Bui Le | E9: Nhat | F9: 1 | G9: 10421133@student.vgu.edu.vn | H9: 10 | I9: 10
A10: 2 | B10: CSE2021 | C10: 10421127 | D10: Bui Van Hoang | E10: Vu | F10: 1 | G10: 10421127@student.vgu.edu.vn | H10: 10 | I10: 10 | J10: L1: numpy version inconsistent
A11: 3 | B11: CSE2022 | C11: 10422002 | D11: Pham Duc | E11: An | F11: 1 | G11: 10422002@student.vgu.edu.vn | H11: 0 | I11: 10 | J11: L1: copy full solution
A12: 4 | B12: CSE2022 | C12: 10422003 | D12: Le Thai | E12: An | F12: 1 | G12: 10422003@student.vgu.edu.vn | H12: 10 | I12: 10
A13: 5 | B13: CSE2022 | C13: 10422004 | D13: Yamashita Tri | E13: An | F13: 1 | G13: 10422004@student.vgu.edu.vn | H13: 10 | I13: 10
A14: 6 | B14: CSE2022 | C14: 10222040 | D14: Vu Duc Hung | E14: Anh | F14: 1 | G14: 10222040@student.vgu.edu.vn | H14: 0 | I14: 10 | J14: L1: copy full solution
A15: 7 | B15: CSE2022 | C15: 10422005 | D15: Nguyen Tran Tuan | E15: Anh | F15: 1 | G15: 10422005@student.vgu.edu.vn | H15: 0 | I15: 10 | J15: L1: copy full solution
A16: 8 | B16: CSE2022 | C16: 10422006 | D16: Nguyen Nhat | E16: Anh | F16: 1 | G16: 10422006@student.vgu.edu.vn | H16: 10 | I16: 10
A17: 9 | B17: CSE2022 | C17: 10422009 | D17: Nguyen Ngoc Minh | E17: Anh | F17: 1 | G17: 10422009@student.vgu.edu.vn | H17: 8 | I17: 10 | J17: L1: missing file 12
A18: 10 | B18: CSE2022 | C18: 10422086 | D18: Dang Dinh Tu | E18: Anh | F18: 1 | G18: 10422086@student.vgu.edu.vn | H18: 10 | I18: 10
A19: 11 | B19: CSE2022 | C19: 10422087 | D19: Ho Viet | E19: Bach | F19: 1 | G19: 10422087@student.vgu.edu.vn | H19: 10 | I19: 10
A20: 12 | B20: CSE2022 | C20: 10421069 | D20: Tran Gia | E20: Bao | F20: 1 | G20: 10421069@student.vgu.edu.vn | I20: 10
A21: 13 | B21: CSE2022 | C21: 10421125 | D21: Phan Le Quoc | E21: Bao | F21: 1 | G21: 10421125@student.vgu.edu.vn | I21: 10
A22: 14 | B22: CSE2022 | C22: 10422011 | D22: Huynh Thien | E22: Bao | F22: 1 | G22: 10422011@student.vgu.edu.vn | H22: 10 | I22: 10
A23: 15 | B23: CSE2022 | C23: 10422012 | D23: Le Van Vinh | E23: Bao | F23: 1 | G23: 10422012@student.vgu.edu.vn | H23: 10 | I23: 10 | J23: L1: có assert nhưng tên biến khác
A24: 16 | B24: CSE2022 | C24: 10422013 | D24: Huynh Trung | E24: Bao | F24: 1 | G24: 10422013@student.vgu.edu.vn | H24: 10 | I24: 10
A25: 17 | B25: CSE2022 | C25: 10422014 | D25: Nguyen Phuc | E25: Bao | F25: 1 | G25: 10422014@student.vgu.edu.vn | H25: 0 | I25: 10 | J25: L1: giống [1]
A26: 18 | B26: CSE2022 | C26: 10422015 | D26: Duong Vo Thien | E26: Bao | F26: 1 | G26: 10422015@student.vgu.edu.vn | H26: 10 | I26: 10
A27: 19 | B27: CSE2022 | C27: 10422123 | D27: Huynh Thien | E27: Bao | F27: 1 | G27: 10422123@student.vgu.edu.vn | H27: 0 | I27: 10 | J27: L1: copy sol (run count) + missing files.
A28: 20 | B28: CSE2022 | C28: 10422089 | D28: Luong Tieu | E28: Cuong | F28: 1 | G28: 10422089@student.vgu.edu.vn | I28: 10
A29: 21 | B29: CSE2022 | C29: 10422017 | D29: Nguyen Tran Quoc | E29: Dat | F29: 1 | G29: 10422017@student.vgu.edu.vn | I29: 10
A30: 22 | B30: CSE2022 | C30: 10422091 | D30: Le Thanh | E30: Dat | F30: 1 | G30: 10422091@student.vgu.edu.vn | H30: 4 | I30: 10 | J30: L1: copy full solution 10 12 13
A31: 23 | B31: CSE2022 | C31: 10422018 | D31: Cao Kim | E31: Do | F31: 1 | G31: 10422018@student.vgu.edu.vn | I31: 10
A32: 24 | B32: CSE2022 | C32: 10422019 | D32: Tran Manh | E32: Duc | F32: 1 | G32: 10422019@student.vgu.edu.vn | H32: 10 | I32: 10
A33: 25 | B33: CSE2022 | C33: 10422092 | D33: Truong Huynh Anh | E33: Duc | F33: 1 | G33: 10422092@student.vgu.edu.vn | H33: 10 | I33: 10
A34: 26 | B34: CSE2022 | C34: 10422020 | D34: Pham Dao Quoc | E34: Dung | F34: 1 | G34: 10422020@student.vgu.edu.vn | H34: 8 | I34: 10 | J34: L1: missing file 13
A35: 27 | B35: CSE2022 | C35: 10422093 | D35: Pham Quang | E35: Dung | F35: 1 | G35: 10422093@student.vgu.edu.vn | H35: 10 | I35: 10
A36: 28 | B36: CSE2022 | C36: 10422021 | D36: Tran Hai | E36: Duong | F36: 1 | G36: 10422021@student.vgu.edu.vn | H36: 10 | I36: 10
A37: 29 | B37: CSE2022 | C37: 17417 | D37: Bui Le | E37: Duy | F37: 1 | G37: 17417@student.vgu.edu.vn | I37: 10
A38: 30 | B38: CSE2022 | C38: 10422022 | D38: Pham | E38: Duy | F38: 1 | G38: 10422022@student.vgu.edu.vn | H38: 10 | I38: 10
A39: 31 | B39: CSE2022 | C39: 10422023 | D39: Nguyen | E39: Duy | F39: 1 | G39: 10422023@student.vgu.edu.vn | H39: 10 | I39: 10
A40: 32 | B40: CSE2022 | C40: 10422024 | D40: Nguyen Minh | E40: Giap | F40: 1 | G40: 10422024@student.vgu.edu.vn | H40: 10 | I40: 10
A41: 33 | B41: CSE2022 | C41: 10421015 | D41: Vo Thi Hong | E41: Ha | F41: 1 | G41: 10421015@student.vgu.edu.vn | H41: 10 | I41: 10
A42: 34 | B42: CSE2022 | C42: 10422025 | D42: Truong Thanh | E42: Hai | F42: 1 | G42: 10422025@student.vgu.edu.vn | H42: 10 | I42: 10
A43: 35 | B43: CSE2022 | C43: 10422094 | D43: Do Nam | E43: Hai | F43: 1 | G43: 10422094@student.vgu.edu.vn | H43: 8 | I43: 10 | J43: L1: 13 same as solution
A44: 36 | B44: CSE2022 | C44: 10422095 | D44: Nguyen Hoang | E44: Hao | F44: 1 | G44: 10422095@student.vgu.edu.vn | H44: 10 | I44: 10
A45: 37 | B45: CSE2022 | C45: 10422026 | D45: Luu Huynh Phuc | E45: Hau | F45: 1 | G45: 10422026@student.vgu.edu.vn | H45: 10 | I45: 10
A46: 38 | B46: CSE2022 | C46: 10422027 | D46: Tran Phuc Tan | E46: Hien | F46: 1 | G46: 10422027@student.vgu.edu.vn | H46: 10 | I46: 10
A47: 39 | B47: CSE2022 | C47: 10422028 | D47: Duong Minh | E47: Hieu | F47: 1 | G47: 10422028@student.vgu.edu.vn
A48: 40 | B48: CSE2022 | C48: 10422029 | D48: Tran Minh | E48: Hieu | F48: 1 | G48: 10422029@student.vgu.edu.vn | H48: 0 | I48: 10 | J48: L1: giống 10422097 [1]
A49: 41 | B49: CSE2022 | C49: 10422031 | D49: Nguyen Thanh Bao | E49: Hung | F49: 1 | G49: 10422031@student.vgu.edu.vn | H49: 10 | I49: 10
A50: 42 | B50: CSE2022 | C50: 10422032 | D50: Le Phu | E50: Hung | F50: 1 | G50: 10422032@student.vgu.edu.vn
A51: 43 | B51: CSE2022 | C51: 10422033 | D51: Nguyen Phu | E51: Huy | F51: 1 | G51: 10422033@student.vgu.edu.vn | H51: 0 | I51: 10 | J51: L1: copy full solution
A52: 44 | B52: CSE2022 | C52: 10422097 | D52: Vu Duc | E52: Huy | F52: 1 | G52: 10422097@student.vgu.edu.vn | H52: 0 | J52: L1: giống 10422029 [1]
A53: 45 | B53: CSE2022 | C53: 10422098 | D53: Bui Dinh Anh | E53: Huy | F53: 1 | G53: 10422098@student.vgu.edu.vn | H53: 10 | I53: 10
A54: 46 | B54: CSE2022 | C54: 10422100 | D54: Pham Quang | E54: Huy | F54: 1 | G54: 10422100@student.vgu.edu.vn | H54: 10 | I54: 10
A55: 47 | B55: CSE2022 | C55: 10422101 | D55: Vacherot Minh Khai | E55: Keaton | F55: 1 | G55: 10422101@student.vgu.edu.vn | H55: 10 | I55: 10
A56: 48 | B56: CSE2022 | C56: 10422103 | D56: Pham Ngoc Duy | E56: Khanh | F56: 1 | G56: 10422103@student.vgu.edu.vn | H56: 10 | I56: 10
A57: 49 | B57: CSE2022 | C57: 10421026 | D57: Huynh Nhat | E57: Khoa | F57: 1 | G57: 10421026@student.vgu.edu.vn | H57: 10 | I57: 10
A58: 50 | B58: CSE2022 | C58: 10422035 | D58: Nguyen Tien | E58: Khoa | F58: 1 | G58: 10422035@student.vgu.edu.vn | H58: 0 | I58: 10 | J58: L1: copy full solution
A59: 51 | B59: CSE2022 | C59: 10422036 | D59: Ngo Duc Minh | E59: Khoa | F59: 1 | G59: 10422036@student.vgu.edu.vn | H59: 10 | I59: 10
A60: 52 | B60: CSE2022 | C60: 10422037 | D60: Nguyen Hoang Anh | E60: Khoa | F60: 1 | G60: 10422037@student.vgu.edu.vn
A61: 53 | B61: CSE2022 | C61: 10422104 | D61: Nguyen Anh | E61: Khoa | F61: 1 | G61: 10422104@student.vgu.edu.vn
A62: 54 | B62: CSE2022 | C62: 10422039 | D62: Luu Danh Thanh | E62: Khoi | F62: 1 | G62: 10422039@student.vgu.edu.vn | H62: 10 | I62: 10
A63: 55 | B63: CSE2022 | C63: 10422040 | D63: Le Quang | E63: Kien | F63: 1 | G63: 10422040@student.vgu.edu.vn | H63: 10 | I63: 10
A64: 56 | B64: CSE2022 | C64: 10422041 | D64: Vo Van Tuan | E64: Kiet | F64: 1 | G64: 10422041@student.vgu.edu.vn | H64: 0 | I64: 10 | J64: L1: folder extracted with name 10422120
A65: 57 | B65: CSE2022 | C65: 10422042 | D65: Tran Nguyen | E65: Kim | F65: 1 | G65: 10422042@student.vgu.edu.vn | H65: 0 | I65: 10 | J65: L1: giống [1]
A66: 58 | B66: CSE2022 | C66: 10422105 | D66: Le Duc Thanh | E66: Kim | F66: 1 | G66: 10422105@student.vgu.edu.vn | H66: 6 | I66: 10 | J66: L1: copy solution 12 13
A67: 59 | B67: CSE2022 | C67: 10422043 | D67: Luong Bao | E67: Lam | F67: 1 | G67: 10422043@student.vgu.edu.vn | H67: 10 | I67: 10
A68: 60 | B68: CSE2022 | C68: 10422106 | D68: Dang Phan Khanh | E68: Linh | F68: 1 | G68: 10422106@student.vgu.edu.vn | H68: 10 | I68: 10
A69: 61 | B69: CSE2022 | C69: 10422044 | D69: Pham Bao | E69: Long | F69: 1 | G69: 10422044@student.vgu.edu.vn | H69: 10 | I69: 10
A70: 62 | B70: CSE2022 | C70: 10422045 | D70: Nguyen Manh Thanh | E70: Long | F70: 1 | G70: 10422045@student.vgu.edu.vn | H70: 10 | I70: 10
A71: 63 | B71: CSE2022 | C71: 10422046 | D71: Mac Hai | E71: Long | F71: 1 | G71: 10422046@student.vgu.edu.vn | H71: 10 | I71: 10 | J71: L1
A72: 64 | B72: CSE2022 | C72: 10422047 | D72: Pham Duc | E72: Manh | F72: 1 | G72: 10422047@student.vgu.edu.vn | H72: 10 | I72: 10
A73: 65 | B73: CSE2022 | C73: 10422049 | D73: Nguyen Tran Ha | E73: Minh | F73: 1 | G73: 10422049@student.vgu.edu.vn | I73: 10
A74: 66 | B74: CSE2022 | C74: 10422050 | D74: Ton That Nhat | E74: Minh | F74: 1 | G74: 10422050@student.vgu.edu.vn | H74: 10 | I74: 10
A75: 67 | B75: CSE2022 | C75: 10422051 | D75: Dao Hong | E75: Minh | F75: 1 | G75: 10422051@student.vgu.edu.vn | H75: 10 | I75: 10
A76: 68 | B76: CSE2022 | C76: 10422052 | D76: Vu Dinh | E76: Nam | F76: 1 | G76: 10422052@student.vgu.edu.vn | H76: 10 | I76: 10
A77: 69 | B77: CSE2022 | C77: 10422053 | D77: Vu Manh | E77: Nghia | F77: 1 | G77: 10422053@student.vgu.edu.vn | H77: 0 | I77: 10 | J77: L1: copy full solution
A78: 70 | B78: CSE2022 | C78: 10422054 | D78: Le Minh Bao | E78: Ngoc | F78: 1 | G78: 10422054@student.vgu.edu.vn | H78: 10 | I78: 10
A79: 71 | B79: CSE2022 | C79: 10422055 | D79: Duong Bao | E79: Ngoc | F79: 1 | G79: 10422055@student.vgu.edu.vn | H79: 0 | I79: 10 | J79: L1: copy full solution (same random number)
A80: 72 | B80: CSE2022 | C80: 10422056 | D80: Nguyen Hoang Yen | E80: Ngoc | F80: 1 | G80: 10422056@student.vgu.edu.vn | H80: 10 | I80: 10
A81: 73 | B81: CSE2022 | C81: 10422057 | D81: Tran Si | E81: Nguyen | F81: 1 | G81: 10422057@student.vgu.edu.vn | H81: 10 | I81: 10
A82: 74 | B82: CSE2022 | C82: 10422058 | D82: Nguyen Khoi | E82: Nguyen | F82: 1 | G82: 10422058@student.vgu.edu.vn | H82: 10 | I82: 10
A83: 75 | B83: CSE2022 | C83: 10422059 | D83: Nguyen Thien | E83: Nguyen | F83: 1 | G83: 10422059@student.vgu.edu.vn | H83: 10 | I83: 10
A84: 76 | B84: CSE2022 | C84: 10422108 | D84: Nguyen Do Quynh | E84: Nguyen | F84: 1 | G84: 10422108@student.vgu.edu.vn | H84: 10 | I84: 10
A85: 77 | B85: CSE2022 | C85: 10422109 | D85: Pham Thanh | E85: Nha | F85: 1 | G85: 10422109@student.vgu.edu.vn | H85: 0 | I85: 10 | J85: L1: copy full solution
A86: 78 | B86: CSE2022 | C86: 10421098 | D86: Nguyen Le Chi | E86: Nhan | F86: 1 | G86: 10421098@student.vgu.edu.vn | I86: 10
A87: 79 | B87: CSE2022 | C87: 10422110 | D87: Nguyen Thanh | E87: Nhan | F87: 1 | G87: 10422110@student.vgu.edu.vn | H87: 10 | I87: 10
A88: 80 | B88: CSE2022 | C88: 10422060 | D88: Hoang Quang | E88: Nhat | F88: 1 | G88: 10422060@student.vgu.edu.vn | H88: 10 | I88: 10 | J88: L1: 12 with different numpy version from others.
A89: 81 | B89: CSE2022 | C89: 10422061 | D89: Mai Thi Yen | E89: Nhi | F89: 1 | G89: 10422061@student.vgu.edu.vn | H89: 10 | I89: 10
A90: 82 | B90: CSE2022 | C90: 10422062 | D90: Truong Hao | E90: Nhien | F90: 1 | G90: 10422062@student.vgu.edu.vn | H90: 10 | I90: 10
A91: 83 | B91: CSE2022 | C91: 10422063 | D91: Pham Luu Minh | E91: Nhu | F91: 1 | G91: 10422063@student.vgu.edu.vn | H91: 8 | I91: 10 | J91: L1: no history running for all files, file 13 stuck at import numpy then stop --> copy from answer
A92: 84 | B92: CSE2022 | C92: 10422111 | D92: Nguyen Tran Chan | E92: Nhu | F92: 1 | G92: 10422111@student.vgu.edu.vn | H92: 10 | I92: 10
A93: 85 | B93: CSE2022 | C93: 10422112 | D93: Nguyen Huu | E93: Oanh | F93: 1 | G93: 10422112@student.vgu.edu.vn | H93: 0 | I93: 10 | J93: L1: copy full solution, 1 run error to cell 3 then stop.
A94: 86 | B94: CSE2022 | C94: 10222025 | D94: Tran Duc | E94: Phat | F94: 1 | G94: 10222025@student.vgu.edu.vn | H94: 10 | I94: 10
A95: 87 | B95: CSE2022 | C95: 10422064 | D95: Nguyen Thuc Nguyen | E95: Phong | F95: 1 | G95: 10422064@student.vgu.edu.vn | I95: 10
A96: 88 | B96: CSE2022 | C96: 10422065 | D96: Nguyen Xuan | E96: Phu | F96: 1 | G96: 10422065@student.vgu.edu.vn | H96: 8 | I96: 10 | J96: L1: random same with solution
A97: 89 | B97: CSE2022 | C97: 10422066 | D97: Le Thanh | E97: Phuc | F97: 1 | G97: 10422066@student.vgu.edu.vn | H97: 0 | I97: 10 | J97: L1: copy from 10422046 (__author__)
A98: 90 | B98: CSE2022 | C98: 10422067 | D98: Nguyen Song Thien | E98: Phuc | F98: 1 | G98: 10422067@student.vgu.edu.vn
A99: 91 | B99: CSE2022 | C99: 10422113 | D99: Nguyen Gia | E99: Phuong | F99: 1 | G99: 10422113@student.vgu.edu.vn | H99: 10 | I99: 10
A100: 92 | B100: CSE2022 | C100: 10421102 | D100: Le Ba Thai | E100: Quan | F100: 1 | G100: 10421102@student.vgu.edu.vn | H100: 4 | I100: 10 | J100: L1: copy full solution 10 12 13
A101: 93 | B101: CSE2022 | C101: 10422070 | D101: Hoang Nam | E101: Quoc | F101: 1 | G101: 10422070@student.vgu.edu.vn | I101: 10
A102: 94 | B102: CSE2022 | C102: 10422071 | D102: Tran Phuc | E102: Quy | F102: 1 | G102: 10422071@student.vgu.edu.vn | H102: 2 | I102: 10 | J102: L1: copy full solution
A103: 95 | B103: CSE2022 | C103: 10421053 | D103: Huynh Thi Kim | E103: Quynh | F103: 1 | G103: 10421053@student.vgu.edu.vn | H103: 2 | I103: 10 | J103: L1: copy full solution
...

Sheet exam
A1: ID | B1: File | C1: Score | D1: Num | E1: ID
A2: 10422002 | B2: imgs/dsai/9/018.jpg | C2: 7.25 | D2: 2 | E2: =10422000+D2 -> 10422002
A3: 10422003 | B3: imgs/dsai/10/012.jpg | C3: 5.5 | D3: 3 | E3: =10422000+D3 -> 10422003
A4: 10422004 | B4: imgs/dsai/10/020.jpg | C4: 9 | D4: 4 | E4: =10422000+D4 -> 10422004
A5: 10422005 | B5: imgs/dsai/9/008.jpg | C5: 8 | D5: 5 | E5: =10422000+D5 -> 10422005
A6: 10422006 | B6: imgs/dsai/10/008.jpg | C6: 4.75 | D6: 6 | E6: =10422000+D6 -> 10422006
A7: 10422009 | B7: imgs/dsai/10/006.jpg | C7: 5.5 | D7: 9 | E7: =10422000+D7 -> 10422009
A8: 10422011 | B8: imgs/dsai/9/004.jpg | C8: 6.5 | D8: 11 | E8: =10422000+D8 -> 10422011
A9: 10422012 | B9: imgs/dsai/9/014.jpg | C9: 7.5 | D9: 12 | E9: =10422000+D9 -> 10422012
A10: 10422013 | B10: imgs/dsai/9/002.jpg | C10: 7.75 | D10: 13 | E10: =10422000+D10 -> 10422013
A11: 10422014 | B11: imgs/dsai/9/012.jpg | C11: 5.25 | D11: 14 | E11: =10422000+D11 -> 10422014
A12: 10422015 | B12: imgs/dsai/10/014.jpg | C12: 7.25 | D12: 15 | E12: =10422000+D12 -> 10422015
A13: 10422017 | B13: imgs/dsai/10/018.jpg | C13: 8.75 | D13: 17 | E13: =10422000+D13 -> 10422017
... A101: 10422124 | B101: imgs/dsai/1/002.jpg | C101: 6.5 | D101: 124 | E101: =10422000+D101 -> 10422124
A102: 10421015 | B102: imgs/dsai/7/020.jpg | C102: 5.75 | D102: 1015 | E102: =10420000+D102 -> 10421015
A103: 10421026 | B103: imgs/dsai/5/018.jpg | C103: 7.25 | D103: 1026 | E103: =10420000+D103 -> 10421026
A104: 10421053 | B104: imgs/dsai/1/008.jpg | C104: 7.75 | D104: 1053 | E104: =10420000+D104 -> 10421053
A105: 10421067 | B105: imgs/dsai/1/014.jpg | C105: 5 | D105: 1067 | E105: =10420000+D105 -> 10421067
A106: 10421069 | B106: imgs/dsai/10/016.jpg | C106: 6.5 | D106: 1069 | E106: =10420000+D106 -> 10421069
A107: 10421098 | B107: imgs/dsai/3/014.jpg | C107: 7.75 | D107: 1098 | E107: =10420000+D107 -> 10421098
A108: 10421102 | B108: imgs/dsai/3/016.jpg | C108: 8.25 | D108: 1102 | E108: =10420000+D108 -> 10421102
A109: 10421124 | B109: imgs/dsai/2/018.jpg | C109: 4.5 | D109: 1124 | E109: =10420000+D109 -> 10421124
A110: 10421125 | B110: imgs/dsai/10/022.jpg | C110: 6.25 | D110: 1125 | E110: =10420000+D110 -> 10421125
A111: 10421127 | B111: imgs/dsai/9/020.jpg | C111: 7 | D111: 1127 | E111: =10420000+D111 -> 10421127
A112: 10421133 | B112: imgs/dsai/10/010.jpg | C112: 0.25 | D112: 1133 | E112: =10420000+D112 -> 10421133
A113: 17417 | B113: imgs/dsai/8/020.jpg | C113: 3.75 | D113: 17417 | E113: =D113 -> 17417
A114: 10222025 | B114: imgs/dsai/3/012.jpg | C114: 6 | D114: 10222025 | E114: =D114 -> 10222025
A115: 10222040 | B115: imgs/dsai/10/002.jpg | C115: 4.25 | D115: 10222040 | E115: =D115 -> 10222040
